Fecha,Tipo,Precio,RSI,ADX,Ganancia,Saldo
2026-05-05 20:01:15,SHORT,77642.0,76.02,25.64,-73.61,9926.39
2026-05-05 20:01:15,LONG,76563.0,18.74,36.48,-67.15,9859.24
2026-05-05 20:01:15,SHORT,76248.74,64.38,31.83,-67.16,9792.08
2026-05-05 20:01:15,SHORT,76638.04,68.42,37.15,-84.26,9707.83
2026-05-05 20:01:16,LONG,80809.05,78.84,15.0,390.25,10098.07
2026-05-05 20:18:42,SHORT,76834.06,49.16,47.88,-0.13,9999.87
2026-05-05 20:18:42,SHORT,76782.18,50.46,38.71,8.89,10008.76
2026-05-05 20:18:42,SHORT,76895.84,62.75,33.73,-1.62,10007.14
2026-05-05 20:18:42,SHORT,76913.92,58.43,22.03,4.23,10011.37
2026-05-05 20:18:42,SHORT,76888.08,36.34,43.69,17.87,10029.25
2026-05-05 20:18:42,SHORT,77063.45,49.18,41.37,-9.09,10020.16
2026-05-05 20:18:42,SHORT,76999.62,63.24,43.2,-12.27,10007.89
2026-05-05 20:18:42,SHORT,76858.01,49.42,25.51,4.34,10012.22
2026-05-05 20:18:42,SHORT,76844.97,50.48,16.88,3.13,10015.35
2026-05-05 20:18:42,SHORT,76066.38,44.34,40.1,11.64,10026.99
2026-05-05 20:18:42,SHORT,76125.04,47.38,30.69,-9.66,10017.34
2026-05-05 20:18:42,SHORT,76096.13,46.4,26.62,-5.77,10011.57
2026-05-05 20:18:42,SHORT,76187.3,67.19,22.38,0.47,10012.04
2026-05-05 20:18:42,SHORT,76242.18,59.67,26.29,-6.76,10005.28
2026-05-05 20:18:42,SHORT,76170.93,54.59,27.46,-7.76,9997.51
2026-05-05 20:18:42,SHORT,76357.15,56.51,42.63,0.75,9998.27
2026-05-05 20:18:42,SHORT,76346.89,52.09,36.63,-1.6,9996.67
2026-05-05 20:18:42,SHORT,76342.77,48.18,26.22,-5.25,9991.42
2026-05-05 20:18:42,SHORT,76400.46,53.04,16.75,-6.24,9985.18
2026-05-05 20:18:42,LONG,77083.39,68.35,60.17,18.31,10003.49
2026-05-05 20:18:42,LONG,77031.06,55.98,61.06,1.8,10005.29
2026-05-05 20:18:42,LONG,77064.19,53.29,57.58,-2.59,10002.71
2026-05-05 20:18:42,LONG,77053.64,50.59,56.5,-6.71,9996.0
2026-05-05 20:18:42,LONG,77310.12,57.24,37.1,4.72,10000.72
2026-05-05 20:18:42,LONG,77162.2,52.44,35.98,1.49,10002.21
2026-05-05 20:18:42,LONG,77178.95,47.67,35.41,3.2,10005.41
2026-05-05 20:18:42,SHORT,76018.33,32.86,69.78,-7.56,9997.85
2026-05-05 20:18:42,SHORT,75563.86,44.09,50.11,56.97,10054.82
2026-05-05 20:18:42,SHORT,75679.7,47.38,42.93,-14.06,10040.76
2026-05-05 20:18:42,SHORT,75676.79,45.48,39.13,8.98,10049.74
2026-05-05 20:18:42,SHORT,75822.88,41.9,38.63,-2.62,10047.12
2026-05-05 20:18:42,SHORT,76091.35,60.97,32.15,-29.71,10017.4
2026-05-05 20:18:42,SHORT,75949.04,56.04,21.55,15.99,10033.4
2026-05-05 20:18:42,SHORT,75707.4,36.19,30.79,20.41,10053.81
2026-05-05 20:18:42,SHORT,75676.0,49.11,33.01,-7.07,10046.74
2026-05-05 20:18:42,SHORT,75753.53,45.3,34.23,-0.88,10045.86
2026-05-05 20:18:42,SHORT,75884.53,48.59,35.4,-7.28,10038.58
2026-05-05 20:18:42,SHORT,76161.67,65.11,33.64,-7.98,10030.6
2026-05-05 20:18:43,SHORT,76150.47,53.97,60.63,-11.25,10019.35
2026-05-05 20:18:43,SHORT,76059.43,49.27,54.79,4.59,10023.94
2026-05-05 20:18:43,SHORT,76344.23,61.22,49.96,-18.21,10005.73
2026-05-05 20:18:43,SHORT,76308.48,53.64,46.35,-4.91,10000.82
2026-05-05 20:18:43,SHORT,76638.04,68.42,37.15,-41.48,9959.34
2026-05-05 20:18:43,LONG,76301.24,55.78,29.05,-10.87,9948.46
2026-05-05 20:18:43,LONG,76355.18,51.82,24.75,-6.33,9942.13
2026-05-05 20:18:43,SHORT,76269.6,44.83,16.12,6.66,9948.79
2026-05-05 20:18:43,SHORT,76346.57,43.13,30.95,-10.0,9938.79
2026-05-05 20:18:43,LONG,77066.0,65.99,43.55,54.24,9993.03
2026-05-05 20:18:43,LONG,77004.14,41.35,41.34,-3.16,9989.87
2026-05-05 20:18:43,LONG,77268.55,56.66,30.13,24.67,10014.55
2026-05-05 20:18:43,LONG,77251.01,59.78,26.41,8.32,10022.87
2026-05-05 20:18:43,LONG,78196.74,69.38,71.94,80.99,10103.86
2026-05-05 20:18:43,LONG,78390.33,59.15,67.22,-5.01,10098.85
2026-05-05 20:18:43,LONG,78278.22,48.31,56.83,-4.49,10094.36
2026-05-05 20:18:43,LONG,78330.0,51.73,44.82,10.45,10104.8
2026-05-05 20:18:43,LONG,78428.53,48.84,21.02,-0.88,10103.92
2026-05-05 20:18:43,LONG,78153.38,39.47,30.38,-11.68,10092.25
2026-05-05 20:18:43,LONG,78044.17,37.49,31.53,-7.22,10085.03
2026-05-05 20:18:43,LONG,78293.36,51.96,28.14,16.37,10101.4
2026-05-05 20:18:43,LONG,78277.31,62.38,36.23,0.64,10102.04
2026-05-05 20:18:43,LONG,78292.12,47.45,39.45,-8.13,10093.92
2026-05-05 20:18:43,LONG,78223.12,37.66,34.82,-5.01,10088.91
2026-05-05 20:18:43,LONG,78174.0,43.49,29.59,-2.21,10086.7
2026-05-05 20:18:43,LONG,78210.98,48.59,27.17,3.65,10090.35
2026-05-05 20:18:43,LONG,78430.08,52.62,52.88,16.9,10107.25
2026-05-05 20:18:43,LONG,78435.01,55.9,54.81,-1.8,10105.45
2026-05-05 20:18:43,LONG,78426.85,59.89,53.9,1.01,10106.45
2026-05-05 20:18:43,LONG,78324.71,43.42,47.2,-6.62,10099.84
2026-05-05 20:18:43,LONG,78434.14,50.46,16.21,3.81,10103.64
2026-05-05 20:18:43,LONG,78689.21,60.99,56.15,6.23,10109.87
2026-05-05 20:18:43,LONG,78573.12,55.55,61.87,-10.23,10099.64
2026-05-05 20:18:43,LONG,78633.17,57.01,64.73,0.33,10099.97
2026-05-05 20:18:43,LONG,78361.03,31.72,62.33,-16.32,10083.65
2026-05-05 20:18:43,LONG,78151.37,52.22,47.83,-7.98,10075.67
2026-05-05 20:18:43,LONG,78140.0,50.43,36.3,2.23,10077.9
2026-05-05 20:18:43,LONG,78430.59,61.69,49.58,12.82,10090.72
2026-05-05 20:18:43,LONG,78408.01,49.57,49.12,-3.83,10086.89
2026-05-05 20:18:43,LONG,78643.99,55.58,52.92,10.59,10097.48
2026-05-05 20:18:43,LONG,78670.01,61.96,50.05,4.5,10101.97
2026-05-05 20:18:43,LONG,78701.77,36.45,38.29,-2.54,10099.44
2026-05-05 20:18:43,LONG,78654.0,50.9,24.34,-0.72,10098.72
2026-05-05 20:18:43,LONG,78672.47,47.21,14.3,-1.54,10097.18
2026-05-05 20:18:43,LONG,78700.0,51.16,27.59,-19.34,10077.83
2026-05-05 20:18:43,LONG,78657.46,47.79,41.93,-15.58,10062.25
2026-05-05 20:18:43,LONG,78568.57,41.97,40.33,-2.26,10059.99
2026-05-05 20:18:43,SHORT,78605.69,44.64,27.19,-21.42,10038.56
2026-05-05 20:18:43,LONG,80145.09,71.18,66.33,33.09,10071.66
2026-05-05 20:18:43,LONG,80079.99,53.26,67.12,6.68,10078.34
2026-05-05 20:18:43,LONG,79918.0,42.92,63.87,-9.63,10068.71
2026-05-05 20:18:43,LONG,79897.06,46.76,49.16,1.69,10070.4
2026-05-05 20:18:43,LONG,78754.85,22.08,41.61,-97.34,9973.06
2026-05-05 20:18:44,SHORT,78990.97,35.71,50.95,-17.48,9955.58
2026-05-05 20:18:44,LONG,78790.0,59.22,47.02,-7.05,9948.52
2026-05-05 20:18:44,LONG,80179.0,51.38,26.6,107.72,10056.24
2026-05-05 20:18:44,LONG,80085.18,53.91,27.67,-2.61,10053.63
2026-05-05 20:18:44,LONG,79998.06,56.69,26.0,5.99,10059.62
2026-05-05 20:18:44,LONG,80027.23,50.08,20.34,-2.29,10057.32
2026-05-05 20:18:44,LONG,80824.93,62.36,77.32,23.62,10080.94
2026-05-05 20:18:44,LONG,80855.59,52.9,53.83,3.85,10084.79
2026-05-05 20:18:44,LONG,80842.63,46.78,46.75,-1.46,10083.33
2026-05-05 20:18:44,LONG,80815.24,35.99,37.36,6.47,10089.8
2026-05-05 20:18:44,LONG,81104.08,59.89,43.02,37.34,10127.14
2026-05-05 20:18:44,LONG,81244.87,58.52,44.03,-14.29,10112.85
2026-05-05 20:18:44,LONG,81449.23,53.7,46.8,9.8,10122.65
2026-05-05 20:18:44,LONG,81075.79,35.75,39.34,-29.96,10092.69
2026-05-05 20:18:44,LONG,81331.99,47.91,32.88,4.02,10096.71
2026-05-05 20:18:44,LONG,81304.22,55.4,28.2,-9.89,10086.82
2026-05-05 20:18:44,LONG,81554.07,60.68,23.69,24.63,10111.45
2026-05-05 20:18:44,LONG,81474.85,58.08,41.93,-15.88,10095.58
2026-05-05 20:18:44,LONG,81407.11,47.45,43.62,3.88,10099.45
2026-05-05 20:18:44,LONG,81438.84,46.37,45.61,4.93,10104.38
2026-05-05 20:26:15,SHORT,76878.07,55.08,35.55,-4.14,9995.86
2026-05-05 20:26:15,SHORT,76885.37,50.81,25.24,6.82,10002.69
2026-05-05 20:26:15,SHORT,76897.52,57.19,17.77,1.49,10004.18
2026-05-05 20:26:15,SHORT,77159.77,56.89,37.06,-6.82,9997.36
2026-05-05 20:26:15,SHORT,77063.45,49.18,41.37,-5.31,9992.05
2026-05-05 20:26:15,SHORT,76999.62,63.24,43.2,-12.24,9979.82
2026-05-05 20:26:15,SHORT,76858.01,49.42,25.51,4.33,9984.14
2026-05-05 20:26:15,SHORT,76125.04,47.38,30.69,6.22,9990.37
2026-05-05 20:26:15,SHORT,76096.13,46.4,26.62,-5.75,9984.61
2026-05-05 20:26:15,SHORT,76187.3,67.19,22.38,0.47,9985.08
2026-05-05 20:26:15,SHORT,76242.18,59.67,26.29,-6.74,9978.34
2026-05-05 20:26:15,SHORT,76170.93,54.59,27.46,-7.74,9970.6
2026-05-05 20:26:15,SHORT,76301.3,55.52,46.69,5.86,9976.45
2026-05-05 20:26:15,SHORT,76357.15,56.51,42.63,-3.78,9972.67
2026-05-05 20:26:15,SHORT,76292.19,63.96,39.83,3.41,9976.08
2026-05-05 20:26:15,SHORT,76346.89,52.09,36.63,-9.59,9966.49
2026-05-05 20:26:15,SHORT,76342.77,48.18,26.22,-5.24,9961.25
2026-05-05 20:26:15,SHORT,76400.46,53.04,16.75,-6.22,9955.03
2026-05-05 20:26:15,LONG,77053.64,50.59,56.5,15.56,9970.59
2026-05-05 20:26:15,LONG,77310.12,57.24,37.1,4.71,9975.3
2026-05-05 20:26:15,LONG,77162.2,52.44,35.98,1.49,9976.79
2026-05-05 20:26:15,LONG,77178.95,47.67,35.41,3.19,9979.98
2026-05-05 20:26:15,SHORT,75773.61,46.5,40.34,14.97,9994.95
2026-05-05 20:26:15,SHORT,75794.67,45.28,38.06,-10.9,9984.05
2026-05-05 20:26:15,SHORT,75942.49,77.62,36.58,-11.02,9973.03
2026-05-05 20:26:15,SHORT,75861.06,62.79,33.7,-8.28,9964.75
2026-05-05 20:26:15,SHORT,75817.99,55.9,32.49,-3.5,9961.25
2026-05-05 20:26:15,SHORT,75806.02,45.21,35.1,29.0,9990.26
2026-05-05 20:26:15,SHORT,76075.28,58.83,34.83,-17.58,9972.68
2026-05-05 20:26:15,SHORT,76150.47,53.97,60.63,-11.18,9961.49
2026-05-05 20:26:15,SHORT,76059.43,49.27,54.79,4.56,9966.05
2026-05-05 20:26:15,SHORT,76344.23,61.22,49.96,-18.11,9947.95
2026-05-05 20:26:15,SHORT,76308.48,53.64,46.35,-4.88,9943.07
2026-05-05 20:26:15,SHORT,76638.04,68.42,37.15,-41.24,9901.83
2026-05-05 20:26:15,LONG,76261.03,53.0,21.78,-14.46,9887.37
2026-05-05 20:26:15,SHORT,76469.81,47.49,30.96,-21.13,9866.24
2026-05-05 20:26:15,LONG,77004.14,41.35,41.34,42.62,9908.86
2026-05-05 20:26:15,LONG,77159.42,55.11,29.92,14.64,9923.51
2026-05-05 20:26:16,LONG,78214.36,48.33,50.73,77.71,10001.21
2026-05-05 20:26:16,LONG,78250.82,35.28,40.75,-7.08,9994.13
2026-05-05 20:26:16,LONG,78423.9,45.76,18.85,-1.28,9992.85
2026-05-05 20:26:16,LONG,78263.61,40.68,29.78,-1.7,9991.15
2026-05-05 20:26:16,LONG,78044.17,37.49,31.53,-7.15,9984.01
2026-05-05 20:26:16,LONG,78292.12,47.45,39.45,16.1,10000.1
2026-05-05 20:26:16,LONG,78223.12,37.66,34.82,-4.96,9995.14
2026-05-05 20:26:16,LONG,78174.0,43.49,29.59,-2.19,9992.95
2026-05-05 20:26:16,LONG,78210.98,48.59,27.17,3.62,9996.57
2026-05-05 20:26:16,LONG,78227.71,39.46,37.92,-1.35,9995.22
2026-05-05 20:26:16,LONG,78398.02,47.8,51.06,0.5,9995.71
2026-05-05 20:26:16,LONG,78391.92,47.34,43.56,6.0,10001.72
2026-05-05 20:26:16,LONG,78434.14,50.46,16.21,2.02,10003.74
2026-05-05 20:26:16,LONG,78573.12,55.55,61.87,-4.18,9999.56
2026-05-05 20:26:16,LONG,78542.32,51.79,64.19,-7.76,9991.8
2026-05-05 20:26:16,LONG,78226.16,48.82,58.12,-1.23,9990.58
2026-05-05 20:26:16,LONG,78151.37,52.22,47.83,-4.91,9985.67
2026-05-05 20:26:16,LONG,78140.0,50.43,36.3,2.21,9987.88
2026-05-05 20:26:16,LONG,78668.36,39.95,34.79,33.94,10021.82
2026-05-05 20:26:16,LONG,78654.0,50.9,24.34,-0.72,10021.1
2026-05-05 20:26:16,LONG,78700.0,51.16,27.59,-27.57,9993.53
2026-05-05 20:26:16,LONG,78657.46,47.79,41.93,-15.45,9978.08
2026-05-05 20:26:16,LONG,78568.57,41.97,40.33,-2.24,9975.83
2026-05-05 20:26:16,SHORT,78800.0,37.73,23.58,-38.56,9937.27
2026-05-05 20:26:16,LONG,79704.25,37.91,61.14,-26.08,9911.2
2026-05-05 20:26:16,LONG,79897.06,46.76,49.16,1.66,9912.86
2026-05-05 20:26:16,LONG,79838.48,58.74,39.88,-1.66,9911.2
2026-05-05 20:26:16,SHORT,79246.84,59.88,41.32,-39.9,9871.3
2026-05-05 20:26:16,LONG,79930.0,47.83,26.84,34.45,9905.75
2026-05-05 20:26:16,LONG,80053.31,43.96,24.41,4.79,9910.54
2026-05-05 20:26:16,LONG,80855.59,52.9,53.83,-15.82,9894.72
2026-05-05 20:26:16,LONG,80842.63,46.78,46.75,-1.43,9893.29
2026-05-05 20:26:16,LONG,80815.24,35.99,37.36,6.34,9899.63
2026-05-05 20:26:16,LONG,80732.38,35.49,28.27,4.71,9904.34
2026-05-05 20:26:16,LONG,81075.79,35.75,39.34,21.73,9926.07
2026-05-05 20:26:16,LONG,81331.99,47.91,32.88,3.95,9930.03
2026-05-05 20:26:16,LONG,81304.22,55.4,28.2,-9.73,9920.3
2026-05-05 20:26:16,LONG,81474.85,58.08,41.93,17.45,9937.75
2026-05-05 20:26:16,LONG,81407.11,47.45,43.62,3.82,9941.57
2026-05-05 20:26:16,LONG,81438.84,46.37,45.61,4.85,9946.42
2026-05-05 20:28:12,SHORT,76834.06,49.16,47.88,-0.13,9999.87
2026-05-05 20:28:12,SHORT,76782.18,50.46,38.71,8.89,10008.76
2026-05-05 20:28:12,SHORT,76913.92,58.43,22.03,-2.6,10006.16
2026-05-05 20:28:12,SHORT,76888.08,36.34,43.69,10.64,10016.8
2026-05-05 20:28:12,SHORT,77063.45,49.18,41.37,-9.08,10007.72
2026-05-05 20:28:12,SHORT,76999.62,63.24,43.2,-12.26,9995.46
2026-05-05 20:28:12,SHORT,76858.01,49.42,25.51,4.33,9999.8
2026-05-05 20:28:12,SHORT,76066.38,44.34,40.1,11.62,10011.42
2026-05-05 20:28:12,SHORT,76125.04,47.38,30.69,-9.64,10001.78
2026-05-05 20:28:12,SHORT,76096.13,46.4,26.62,-5.76,9996.02
2026-05-05 20:28:12,SHORT,76319.4,62.04,28.69,-13.64,9982.38
2026-05-05 20:28:13,SHORT,76342.77,48.18,26.22,0.38,9982.76
2026-05-05 20:28:13,LONG,77083.39,68.35,60.17,14.29,9997.05
2026-05-05 20:28:13,LONG,77031.06,55.98,61.06,1.8,9998.85
2026-05-05 20:28:13,LONG,77064.19,53.29,57.58,-2.58,9996.27
2026-05-05 20:28:13,LONG,77053.64,50.59,56.5,-6.71,9989.56
2026-05-05 20:28:13,LONG,77310.12,57.24,37.1,4.72,9994.28
2026-05-05 20:28:13,LONG,77162.2,52.44,35.98,1.49,9995.77
2026-05-05 20:28:13,LONG,77178.95,47.67,35.41,3.2,9998.97
2026-05-05 20:28:13,SHORT,76018.33,32.86,69.78,-7.56,9991.41
2026-05-05 20:28:13,SHORT,75563.86,44.09,50.11,56.93,10048.34
2026-05-05 20:28:13,SHORT,75679.7,47.38,42.93,-14.05,10034.29
2026-05-05 20:28:13,SHORT,75676.79,45.48,39.13,8.97,10043.27
2026-05-05 20:28:13,SHORT,75822.88,41.9,38.63,-2.62,10040.65
2026-05-05 20:28:13,SHORT,76091.35,60.97,32.15,-28.88,10011.77
2026-05-05 20:28:13,SHORT,75707.4,36.19,30.79,-8.86,10002.91
2026-05-05 20:28:13,SHORT,75676.0,49.11,33.01,-7.03,9995.88
2026-05-05 20:28:13,SHORT,75753.53,45.3,34.23,-0.88,9995.0
2026-05-05 20:28:13,SHORT,75884.53,48.59,35.4,-7.25,9987.75
2026-05-05 20:28:13,SHORT,76109.21,47.09,61.61,3.79,9991.54
2026-05-05 20:28:13,SHORT,76059.43,49.27,54.79,-11.97,9979.57
2026-05-05 20:28:13,SHORT,76344.23,61.22,49.96,-18.13,9961.44
2026-05-05 20:28:13,SHORT,76315.8,60.45,43.05,-0.67,9960.77
2026-05-05 20:28:13,SHORT,76638.04,68.42,37.15,-41.31,9919.46
2026-05-05 20:28:13,LONG,76301.24,55.78,29.05,-10.83,9908.63
2026-05-05 20:28:13,LONG,76355.18,51.82,24.75,-6.3,9902.33
2026-05-05 20:28:13,SHORT,76346.57,43.13,30.95,-4.31,9898.01
2026-05-05 20:28:13,LONG,77066.0,65.99,43.55,54.02,9952.03
2026-05-05 20:28:13,LONG,77268.55,56.66,30.13,12.47,9964.49
2026-05-05 20:28:13,LONG,77251.01,59.78,26.41,8.28,9972.77
2026-05-05 20:28:13,LONG,78196.74,69.38,71.94,73.44,10046.22
2026-05-05 20:28:13,LONG,78390.33,59.15,67.22,-4.98,10041.24
2026-05-05 20:28:13,LONG,78278.22,48.31,56.83,-4.47,10036.77
2026-05-05 20:28:13,LONG,78330.0,51.73,44.82,10.39,10047.16
2026-05-05 20:28:13,LONG,78428.53,48.84,21.02,-11.14,10036.02
2026-05-05 20:28:13,LONG,78153.38,39.47,30.38,-17.93,10018.08
2026-05-05 20:28:13,LONG,78293.36,51.96,28.14,5.58,10023.66
2026-05-05 20:28:13,LONG,78277.31,62.38,36.23,0.64,10024.3
2026-05-05 20:28:13,LONG,78292.12,47.45,39.45,-8.07,10016.23
2026-05-05 20:28:13,LONG,78169.0,35.34,30.06,-3.76,10012.47
2026-05-05 20:28:14,LONG,78430.08,52.62,52.88,3.37,10015.84
2026-05-05 20:28:14,LONG,78435.01,55.9,54.81,-1.79,10014.05
2026-05-05 20:28:14,LONG,78426.85,59.89,53.9,1.0,10015.04
2026-05-05 20:28:14,LONG,78324.71,43.42,47.2,-6.56,10008.49
2026-05-05 20:28:14,LONG,78434.14,50.46,16.21,3.77,10012.26
2026-05-05 20:28:14,LONG,78689.21,60.99,56.15,6.17,10018.43
2026-05-05 20:28:14,LONG,78573.12,55.55,61.87,-10.14,10008.3
2026-05-05 20:28:14,LONG,78633.17,57.01,64.73,0.33,10008.62
2026-05-05 20:28:14,LONG,78361.03,31.72,62.33,-16.17,9992.45
2026-05-05 20:28:14,LONG,78151.37,52.22,47.83,-7.91,9984.54
2026-05-05 20:28:14,LONG,78140.0,50.43,36.3,2.21,9986.75
2026-05-05 20:28:14,LONG,78430.59,61.69,49.58,12.71,9999.45
2026-05-05 20:28:14,LONG,78408.01,49.57,49.12,-3.8,9995.66
2026-05-05 20:28:14,LONG,78643.99,55.58,52.92,10.5,10006.15
2026-05-05 20:28:14,LONG,78670.01,61.96,50.05,4.46,10010.61
2026-05-05 20:28:14,LONG,78701.77,36.45,38.29,-2.51,10008.09
2026-05-05 20:28:14,LONG,78700.0,51.16,27.59,-19.3,9988.79
2026-05-05 20:28:14,LONG,78657.46,47.79,41.93,-15.44,9973.35
2026-05-05 20:28:14,LONG,78568.57,41.97,40.33,-2.24,9971.11
2026-05-05 20:28:14,SHORT,78605.69,44.64,27.19,-21.23,9949.87
2026-05-05 20:28:14,LONG,80079.99,53.26,67.12,6.6,9956.47
2026-05-05 20:28:14,LONG,79918.0,42.92,63.87,-9.52,9946.96
2026-05-05 20:28:14,LONG,79855.44,31.79,44.73,-3.63,9943.33
2026-05-05 20:28:14,LONG,78754.85,22.08,41.61,-96.11,9847.22
2026-05-05 20:28:14,SHORT,78990.97,35.71,50.95,-17.26,9829.96
2026-05-05 20:28:14,LONG,78790.0,59.22,47.02,-6.96,9822.99
2026-05-05 20:28:14,LONG,80179.0,51.38,26.6,106.36,9929.35
2026-05-05 20:28:14,LONG,80085.18,53.91,27.67,-2.58,9926.77
2026-05-05 20:28:14,LONG,79998.06,56.69,26.0,5.92,9932.69
2026-05-05 20:28:14,LONG,80824.93,62.36,77.32,-18.49,9914.2
2026-05-05 20:28:14,LONG,80855.59,52.9,53.83,3.79,9917.99
2026-05-05 20:28:14,LONG,80842.63,46.78,46.75,-1.43,9916.55
2026-05-05 20:28:14,LONG,81104.08,59.89,43.02,13.84,9930.39
2026-05-05 20:28:14,LONG,81244.87,58.52,44.03,-14.02,9916.37
2026-05-05 20:28:14,LONG,81449.23,53.7,46.8,9.61,9925.99
2026-05-05 20:28:14,LONG,81075.79,35.75,39.34,-29.37,9896.61
2026-05-05 20:28:14,LONG,81331.99,47.91,32.88,3.94,9900.55
2026-05-05 20:28:14,LONG,81304.22,55.4,28.2,-9.7,9890.86
2026-05-05 20:28:14,LONG,81554.07,60.68,23.69,24.15,9915.01
2026-05-05 20:28:14,LONG,81474.85,58.08,41.93,-15.57,9899.44
2026-05-05 20:28:14,LONG,81382.14,43.2,44.78,-2.13,9897.31
2026-05-05 20:28:14,LONG,81021.72,34.28,46.1,-35.48,9861.83
2026-05-05 20:30:44,SHORT,76834.06,49.16,47.88,-0.13,9999.87
2026-05-05 20:30:44,SHORT,76782.18,50.46,38.71,8.89,10008.76
2026-05-05 20:30:44,SHORT,76888.08,36.34,43.69,10.64,10019.4
2026-05-05 20:30:44,SHORT,77063.45,49.18,41.37,-9.08,10010.32
2026-05-05 20:30:44,SHORT,76999.62,63.24,43.2,-12.26,9998.06
2026-05-05 20:30:44,SHORT,76858.01,49.42,25.51,4.33,10002.4
2026-05-05 20:30:44,SHORT,76066.38,44.34,40.1,18.18,10020.58
2026-05-05 20:30:44,SHORT,76125.04,47.38,30.69,-9.65,10010.93
2026-05-05 20:30:45,SHORT,76342.77,48.18,26.22,-5.26,10005.67
2026-05-05 20:30:45,LONG,77031.06,55.98,61.06,1.8,10007.48
2026-05-05 20:30:45,LONG,77064.19,53.29,57.58,-2.59,10004.89
2026-05-05 20:30:45,LONG,77053.64,50.59,56.5,-6.71,9998.18
2026-05-05 20:30:45,LONG,77310.12,57.24,37.1,-22.89,9975.29
2026-05-05 20:30:45,LONG,77162.2,52.44,35.98,1.49,9976.77
2026-05-05 20:30:45,LONG,77178.95,47.67,35.41,3.19,9979.97
2026-05-05 20:30:45,SHORT,76018.33,32.86,69.78,-7.54,9972.43
2026-05-05 20:30:45,SHORT,75563.86,44.09,50.11,56.82,10029.25
2026-05-05 20:30:45,SHORT,75679.7,47.38,42.93,-14.03,10015.22
2026-05-05 20:30:45,SHORT,75676.79,45.48,39.13,8.96,10024.18
2026-05-05 20:30:45,SHORT,75822.88,41.9,38.63,-2.61,10021.57
2026-05-05 20:30:45,SHORT,76091.35,60.97,32.15,-34.41,9987.16
2026-05-05 20:30:45,SHORT,75676.0,49.11,33.01,2.9,9990.06
2026-05-05 20:30:45,SHORT,75753.53,45.3,34.23,-0.88,9989.18
2026-05-05 20:30:45,SHORT,75884.53,48.59,35.4,-7.24,9981.94
2026-05-05 20:30:45,SHORT,76059.43,49.27,54.79,4.57,9986.51
2026-05-05 20:30:45,SHORT,76344.23,61.22,49.96,-18.14,9968.37
2026-05-05 20:30:45,LONG,76355.18,51.82,24.75,-13.21,9955.16
2026-05-05 20:30:45,SHORT,76469.81,47.49,30.96,-11.25,9943.91
2026-05-05 20:30:45,LONG,77066.0,65.99,43.55,-1.26,9942.65
2026-05-05 20:30:45,LONG,77268.55,56.66,30.13,12.45,9955.1
2026-05-05 20:30:45,LONG,78196.74,69.38,71.94,70.56,10025.66
2026-05-05 20:30:45,LONG,78390.33,59.15,67.22,-4.97,10020.69
2026-05-05 20:30:45,LONG,78278.22,48.31,56.83,-4.46,10016.23
2026-05-05 20:30:45,LONG,78330.0,51.73,44.82,10.37,10026.6
2026-05-05 20:30:45,LONG,78428.53,48.84,21.02,-11.12,10015.48
2026-05-05 20:30:45,LONG,78293.36,51.96,28.14,5.58,10021.06
2026-05-05 20:30:45,LONG,78277.31,62.38,36.23,-7.4,10013.66
2026-05-05 20:30:45,LONG,78292.12,47.45,39.45,-8.06,10005.6
2026-05-05 20:30:45,LONG,78430.08,52.62,52.88,3.36,10008.97
2026-05-05 20:30:45,LONG,78435.01,55.9,54.81,-1.79,10007.18
2026-05-05 20:30:45,LONG,78426.85,59.89,53.9,1.0,10008.18
2026-05-05 20:30:45,LONG,78434.14,50.46,16.21,2.02,10010.2
2026-05-05 20:30:45,LONG,78689.21,60.99,56.15,6.17,10016.37
2026-05-05 20:30:45,LONG,78573.12,55.55,61.87,-10.13,10006.23
2026-05-05 20:30:45,LONG,78633.17,57.01,64.73,0.33,10006.56
2026-05-05 20:30:45,LONG,78361.03,31.72,62.33,-16.17,9990.39
2026-05-05 20:30:45,LONG,78151.37,52.22,47.83,-7.91,9982.48
2026-05-05 20:30:45,LONG,78430.59,61.69,49.58,25.99,10008.47
2026-05-05 20:30:45,LONG,78408.01,49.57,49.12,-3.8,10004.67
2026-05-05 20:30:46,LONG,78643.99,55.58,52.92,10.5,10015.17
2026-05-05 20:30:46,LONG,78670.01,61.96,50.05,4.46,10019.63
2026-05-05 20:30:46,LONG,78701.77,36.45,38.29,-2.51,10017.12
2026-05-05 20:30:46,LONG,78657.46,47.79,41.93,-53.25,9963.87
2026-05-05 20:30:46,LONG,80079.99,53.26,67.12,6.61,9970.48
2026-05-05 20:30:46,LONG,79918.0,42.92,63.87,-9.53,9960.95
2026-05-05 20:30:46,LONG,78754.85,22.08,41.61,-94.64,9866.31
2026-05-05 20:30:46,LONG,78790.0,59.22,47.02,-6.99,9859.32
2026-05-05 20:30:46,LONG,80179.0,51.38,26.6,106.75,9966.07
2026-05-05 20:30:46,LONG,80824.93,62.36,77.32,-12.5,9953.57
2026-05-05 20:30:46,LONG,80855.59,52.9,53.83,3.8,9957.37
2026-05-05 20:30:46,LONG,80842.63,46.78,46.75,-1.44,9955.94
2026-05-05 20:30:46,LONG,81244.87,58.52,44.03,12.1,9968.03
2026-05-05 20:30:46,LONG,81449.23,53.7,46.8,9.66,9977.7
2026-05-05 20:30:46,LONG,81075.79,35.75,39.34,-29.53,9948.17
2026-05-05 20:30:46,LONG,81304.22,55.4,28.2,-9.74,9938.43
2026-05-05 20:30:46,LONG,81474.85,58.08,41.93,-14.62,9923.81
2026-05-05 20:35:22,SHORT,76834.06,49.16,47.88,-0.13,9999.87
2026-05-05 20:35:22,SHORT,76782.18,50.46,38.71,8.89,10008.76
2026-05-05 20:35:22,SHORT,76888.08,36.34,43.69,10.64,10019.4
2026-05-05 20:35:22,SHORT,77063.45,49.18,41.37,-9.08,10010.32
2026-05-05 20:35:22,SHORT,76999.62,63.24,43.2,-12.26,9998.06
2026-05-05 20:35:22,SHORT,76858.01,49.42,25.51,-23.38,9974.69
2026-05-05 20:35:22,SHORT,76066.38,44.34,40.1,11.59,9986.28
2026-05-05 20:35:22,SHORT,76125.04,47.38,30.69,-9.62,9976.66
2026-05-05 20:35:22,SHORT,76342.77,48.18,26.22,-5.24,9971.42
2026-05-05 20:35:22,LONG,77083.39,68.35,60.17,3.77,9975.19
2026-05-05 20:35:22,LONG,77031.06,55.98,61.06,1.8,9976.99
2026-05-05 20:35:22,LONG,77064.19,53.29,57.58,-2.58,9974.41
2026-05-05 20:35:22,LONG,77053.64,50.59,56.5,-6.69,9967.72
2026-05-05 20:35:22,LONG,77310.12,57.24,37.1,-22.82,9944.9
2026-05-05 20:35:22,LONG,77162.2,52.44,35.98,1.48,9946.38
2026-05-05 20:35:22,LONG,77178.95,47.67,35.41,3.18,9949.56
2026-05-05 20:35:22,SHORT,76018.33,32.86,69.78,-7.52,9942.05
2026-05-05 20:35:22,SHORT,75563.86,44.09,50.11,56.65,9998.7
2026-05-05 20:35:22,SHORT,75679.7,47.38,42.93,-13.98,9984.71
2026-05-05 20:35:22,SHORT,75676.79,45.48,39.13,8.93,9993.64
2026-05-05 20:35:23,SHORT,75822.88,41.9,38.63,-2.6,9991.04
2026-05-05 20:35:23,SHORT,76091.35,60.97,32.15,-34.31,9956.73
2026-05-05 20:35:23,SHORT,75676.0,49.11,33.01,2.89,9959.62
2026-05-05 20:35:23,SHORT,75753.53,45.3,34.23,-0.87,9958.75
2026-05-05 20:35:23,SHORT,75884.53,48.59,35.4,-7.22,9951.53
2026-05-05 20:35:23,SHORT,76059.43,49.27,54.79,4.56,9956.09
2026-05-05 20:35:23,LONG,76301.24,55.78,29.05,-30.63,9925.46
2026-05-05 20:35:23,LONG,76355.18,51.82,24.75,-13.15,9912.3
2026-05-05 20:35:23,LONG,77066.0,65.99,43.55,-1.26,9911.05
2026-05-05 20:35:23,LONG,77268.55,56.66,30.13,12.41,9923.46
2026-05-05 20:35:23,LONG,78196.74,69.38,71.94,70.34,9993.8
2026-05-05 20:35:23,LONG,78390.33,59.15,67.22,-4.95,9988.84
2026-05-05 20:35:23,LONG,78278.22,48.31,56.83,-4.44,9984.4
2026-05-05 20:35:23,LONG,78250.82,35.28,40.75,-7.06,9977.34
2026-05-05 20:35:23,LONG,78428.53,48.84,21.02,-11.06,9966.27
2026-05-05 20:35:23,LONG,78293.36,51.96,28.14,5.55,9971.82
2026-05-05 20:35:23,LONG,78277.31,62.38,36.23,-7.36,9964.46
2026-05-05 20:35:23,LONG,78292.12,47.45,39.45,-8.02,9956.44
2026-05-05 20:35:23,LONG,78430.08,52.62,52.88,3.35,9959.79
2026-05-05 20:35:23,LONG,78435.01,55.9,54.81,-1.78,9958.01
2026-05-05 20:35:23,LONG,78426.85,59.89,53.9,0.99,9959.0
2026-05-05 20:35:23,LONG,78434.14,50.46,16.21,-2.89,9956.12
2026-05-05 20:35:23,LONG,78689.21,60.99,56.15,6.14,9962.25
2026-05-05 20:35:23,LONG,78573.12,55.55,61.87,-10.08,9952.17
2026-05-05 20:35:23,LONG,78633.17,57.01,64.73,0.33,9952.5
2026-05-05 20:35:23,LONG,78361.03,31.72,62.33,-16.08,9936.42
2026-05-05 20:35:23,LONG,78151.37,52.22,47.83,-7.87,9928.55
2026-05-05 20:35:23,LONG,78430.59,61.69,49.58,25.85,9954.4
2026-05-05 20:35:23,LONG,78408.01,49.57,49.12,-3.78,9950.62
2026-05-05 20:35:23,LONG,78643.99,55.58,52.92,10.45,9961.07
2026-05-05 20:35:23,LONG,78670.01,61.96,50.05,4.44,9965.5
2026-05-05 20:35:23,LONG,78701.77,36.45,38.29,-2.5,9963.0
2026-05-05 20:35:23,LONG,78657.46,47.79,41.93,-52.96,9910.04
2026-05-05 20:35:23,LONG,80079.99,53.26,67.12,6.57,9916.61
2026-05-05 20:35:23,LONG,79918.0,42.92,63.87,-9.48,9907.14
2026-05-05 20:35:23,LONG,78754.85,22.08,41.61,-94.13,9813.01
2026-05-05 20:35:24,LONG,80179.0,51.38,26.6,106.25,9919.26
2026-05-05 20:35:24,LONG,80824.93,62.36,77.32,-18.46,9900.79
2026-05-05 20:35:24,LONG,80855.59,52.9,53.83,3.78,9904.58
2026-05-05 20:35:24,LONG,80842.63,46.78,46.75,-1.43,9903.14
2026-05-05 20:35:24,LONG,81244.87,58.52,44.03,12.03,9915.18
2026-05-05 20:35:24,LONG,81449.23,53.7,46.8,9.61,9924.79
2026-05-05 20:35:24,LONG,81075.79,35.75,39.34,-29.37,9895.42
2026-05-05 20:35:24,LONG,81304.22,55.4,28.2,-9.69,9885.73
2026-05-05 20:35:24,LONG,81474.85,58.08,41.93,-14.54,9871.19
2026-05-05 20:37:04,SHORT,76834.06,49.16,47.88,-0.13,9999.87
2026-05-05 20:37:05,SHORT,76888.08,36.34,43.69,-16.47,9983.4
2026-05-05 20:37:05,SHORT,77063.45,49.18,41.37,-9.05,9974.36
2026-05-05 20:37:05,SHORT,76999.62,63.24,43.2,-12.22,9962.14
2026-05-05 20:37:05,SHORT,76066.38,44.34,40.1,11.58,9973.72
2026-05-05 20:37:05,SHORT,76125.04,47.38,30.69,-9.61,9964.12
2026-05-05 20:37:05,LONG,77011.22,63.08,61.21,-6.53,9957.58
2026-05-05 20:37:05,LONG,77092.66,50.61,59.42,5.57,9963.16
2026-05-05 20:37:05,LONG,77310.12,57.24,37.1,-25.16,9938.0
2026-05-05 20:37:05,SHORT,76018.33,32.86,69.78,-7.51,9930.49
2026-05-05 20:37:05,SHORT,75563.86,44.09,50.11,-4.6,9925.89
2026-05-05 20:37:05,LONG,76301.24,55.78,29.05,-30.53,9895.36
2026-05-05 20:37:05,LONG,77066.0,65.99,43.55,-1.25,9894.1
2026-05-05 20:37:05,LONG,78390.33,59.15,67.22,17.15,9911.25
2026-05-05 20:37:05,LONG,78278.22,48.31,56.83,-4.41,9906.84
2026-05-05 20:37:06,LONG,78430.08,52.62,52.88,3.33,9910.17
2026-05-05 20:37:06,LONG,78435.01,55.9,54.81,-1.77,9908.4
2026-05-05 20:37:06,LONG,78689.21,60.99,56.15,6.11,9914.51
2026-05-05 20:37:06,LONG,78573.12,55.55,61.87,-10.03,9904.47
2026-05-05 20:37:06,LONG,78633.17,57.01,64.73,0.32,9904.8
2026-05-05 20:37:06,LONG,78430.59,61.69,49.58,-6.13,9898.67
2026-05-05 20:37:06,LONG,78408.01,49.57,49.12,-3.76,9894.91
2026-05-05 20:37:06,LONG,78643.99,55.58,52.92,-6.43,9888.48
2026-05-05 20:37:06,LONG,78670.01,61.96,50.05,4.4,9892.88
2026-05-05 20:37:06,LONG,78701.77,36.45,38.29,-2.48,9890.4
2026-05-05 20:37:06,LONG,78657.46,47.79,41.93,-53.32,9837.07
2026-05-05 20:37:06,SHORT,78990.97,35.71,50.95,-17.24,9819.83
2026-05-05 20:37:06,LONG,80824.93,62.36,77.32,-18.28,9801.55
2026-05-05 20:37:06,LONG,81244.87,58.52,44.03,11.91,9813.46
2026-05-05 20:37:06,LONG,81449.23,53.7,46.8,9.51,9822.98
2026-05-05 20:47:36,SHORT,77105.0,60.59,34.46,25.96,10025.96
2026-05-05 20:47:37,LONG,76125.04,47.38,31.76,-28.58,9997.38
2026-05-05 20:47:37,SHORT,77053.64,50.59,52.32,-22.32,9975.06
2026-05-05 20:47:37,SHORT,77310.12,57.24,36.67,42.64,10017.7
2026-05-05 20:47:37,LONG,75924.25,19.82,58.94,-83.58,9934.12
2026-05-05 20:47:37,LONG,75773.61,46.5,35.93,76.77,10010.89
2026-05-05 20:47:37,SHORT,76342.62,51.04,19.42,38.59,10049.48
2026-05-05 20:47:37,SHORT,77004.14,41.35,41.12,25.27,10074.75
2026-05-05 20:47:37,SHORT,77159.42,55.11,28.63,36.6,10111.35
2026-05-05 20:47:37,SHORT,78737.25,86.9,64.13,-126.67,9984.68
2026-05-05 20:47:37,LONG,78327.8,45.9,15.78,30.49,10015.17
2026-05-05 20:47:37,LONG,78392.44,57.2,25.95,31.96,10047.12
2026-05-05 20:47:37,SHORT,78573.12,55.55,62.13,29.78,10076.9
2026-05-05 20:47:37,LONG,78249.42,62.2,46.37,-4.02,10072.88
2026-05-05 20:47:37,SHORT,78668.36,39.95,31.02,24.07,10096.95
2026-05-05 20:47:37,LONG,79246.84,59.88,41.53,63.08,10160.02
2026-05-05 20:47:37,SHORT,79930.0,47.83,25.2,36.24,10196.27
2026-05-05 20:47:38,SHORT,80855.59,52.9,54.39,-5.87,10190.4
2026-05-05 20:47:38,LONG,80822.42,40.5,26.98,29.44,10219.84
2026-05-05 20:47:38,SHORT,81075.79,35.75,38.67,18.51,10238.35
2026-05-05 20:54:44,SHORT,77105.0,60.59,34.46,20.77,10020.77
2026-05-05 20:54:44,LONG,76125.04,47.38,31.76,-22.86,9997.91
2026-05-05 20:54:44,SHORT,77053.64,50.59,52.32,-17.86,9980.06
2026-05-05 20:54:44,SHORT,77310.12,57.24,36.67,34.13,10014.18
2026-05-05 20:54:44,LONG,75924.25,19.82,58.94,-66.84,9947.35
2026-05-05 20:54:44,LONG,75773.61,46.5,35.93,61.5,10008.85
2026-05-05 20:54:44,SHORT,76342.62,51.04,19.42,30.87,10039.71
2026-05-05 20:54:45,SHORT,77004.14,41.35,41.12,20.2,10059.91
2026-05-05 20:54:45,SHORT,77159.42,55.11,28.63,29.23,10089.14
2026-05-05 20:54:45,SHORT,78737.25,86.9,64.13,-101.12,9988.03
2026-05-05 20:54:45,LONG,78327.8,45.9,15.78,24.4,10012.43
2026-05-05 20:54:45,LONG,78392.44,57.2,25.95,25.56,10037.99
2026-05-05 20:54:45,SHORT,78573.12,55.55,62.13,23.8,10061.79
2026-05-05 20:54:45,LONG,78249.42,62.2,46.37,-3.21,10058.57
2026-05-05 20:54:45,SHORT,78668.36,39.95,31.02,19.23,10077.8
2026-05-05 20:54:45,LONG,79246.84,59.88,41.53,50.37,10128.17
2026-05-05 20:54:45,SHORT,79930.0,47.83,25.2,28.9,10157.07
2026-05-05 20:54:45,SHORT,80855.59,52.9,54.39,-4.68,10152.39
2026-05-05 20:54:45,LONG,80822.42,40.5,26.98,23.46,10175.86
2026-05-05 20:54:45,SHORT,81075.79,35.75,38.67,14.74,10190.6
2026-05-05 20:55:28,SHORT,77105.0,60.59,34.46,25.96,10025.96
2026-05-05 20:55:28,LONG,76125.04,47.38,31.76,-28.58,9997.38
2026-05-05 20:55:28,SHORT,77053.64,50.59,52.32,-22.32,9975.06
2026-05-05 20:55:28,SHORT,77310.12,57.24,36.67,42.64,10017.7
2026-05-05 20:55:28,LONG,75924.25,19.82,58.94,-83.58,9934.12
2026-05-05 20:55:28,LONG,75773.61,46.5,35.93,76.77,10010.89
2026-05-05 20:55:28,SHORT,76342.62,51.04,19.42,38.59,10049.48
2026-05-05 20:55:28,SHORT,77004.14,41.35,41.12,25.27,10074.75
2026-05-05 20:55:28,SHORT,77159.42,55.11,28.63,36.6,10111.35
2026-05-05 20:55:28,SHORT,78737.25,86.9,64.13,-126.67,9984.68
2026-05-05 20:55:29,LONG,78327.8,45.9,15.78,30.49,10015.17
2026-05-05 20:55:29,LONG,78392.44,57.2,25.95,31.96,10047.12
2026-05-05 20:55:29,SHORT,78573.12,55.55,62.13,29.78,10076.9
2026-05-05 20:55:29,LONG,78249.42,62.2,46.37,-4.02,10072.88
2026-05-05 20:55:29,SHORT,78668.36,39.95,31.02,24.07,10096.95
2026-05-05 20:55:29,LONG,79246.84,59.88,41.53,63.08,10160.02
2026-05-05 20:55:29,SHORT,79930.0,47.83,25.2,36.24,10196.27
2026-05-05 20:55:29,SHORT,80855.59,52.9,54.39,-5.87,10190.4
2026-05-05 20:55:29,LONG,80822.42,40.5,26.98,29.44,10219.84
2026-05-05 20:55:29,SHORT,81075.79,35.75,38.67,18.51,10238.35
2026-05-05 20:58:08,SHORT,77105.0,60.59,34.46,25.96,10025.96
2026-05-05 20:58:08,LONG,76125.04,47.38,31.76,-28.58,9997.38
2026-05-05 20:58:08,SHORT,77053.64,50.59,52.32,-22.32,9975.06
2026-05-05 20:58:09,SHORT,77310.12,57.24,36.67,42.64,10017.7
2026-05-05 20:58:09,LONG,75975.0,18.77,53.69,-76.94,9940.76
2026-05-05 20:58:09,LONG,75773.61,46.5,35.93,76.82,10017.58
2026-05-05 20:58:09,SHORT,76342.62,51.04,19.42,38.62,10056.2
2026-05-05 20:58:09,SHORT,77004.14,41.35,41.12,25.29,10081.49
2026-05-05 20:58:09,SHORT,77159.42,55.11,28.63,36.62,10118.11
2026-05-05 20:58:09,SHORT,78344.38,82.7,49.4,-75.64,10042.47
2026-05-05 20:58:09,SHORT,78214.36,48.33,44.32,8.38,10050.84
2026-05-05 20:58:09,LONG,78327.8,45.9,15.78,30.69,10081.54
2026-05-05 20:58:09,LONG,78392.44,57.2,25.95,32.17,10113.71
2026-05-05 20:58:09,SHORT,78573.12,55.55,62.13,29.97,10143.68
2026-05-05 20:58:09,LONG,78249.42,62.2,46.37,-4.05,10139.63
2026-05-05 20:58:09,SHORT,78668.36,39.95,31.02,24.23,10163.86
2026-05-05 20:58:09,LONG,79246.84,59.88,41.53,63.49,10227.35
2026-05-05 20:58:09,SHORT,79930.0,47.83,25.2,36.48,10263.84
2026-05-05 20:58:09,SHORT,80855.59,52.9,54.39,-5.91,10257.93
2026-05-05 20:58:10,LONG,80822.42,40.5,26.98,29.64,10287.56
2026-05-05 20:58:10,SHORT,81075.79,35.75,38.67,18.63,10306.2
2026-05-05 21:00:57,SHORT,77105.0,60.59,34.46,23.37,10023.37
2026-05-05 21:00:57,LONG,76125.04,47.38,31.76,-25.72,9997.65
2026-05-05 21:00:58,SHORT,77053.64,50.59,52.32,2.97,10000.62
2026-05-05 21:00:58,SHORT,77310.12,57.24,36.67,38.47,10039.09
2026-05-05 21:00:58,LONG,75975.0,18.77,53.69,-69.39,9969.7
2026-05-05 21:00:58,LONG,75773.61,46.5,35.93,69.34,10039.04
2026-05-05 21:00:58,SHORT,77004.14,41.35,41.12,22.72,10061.76
2026-05-05 21:00:58,SHORT,77159.42,55.11,28.63,32.9,10094.66
2026-05-05 21:00:58,SHORT,78737.25,86.9,64.13,-90.69,10003.97
2026-05-05 21:00:58,LONG,78392.44,57.2,25.95,28.73,10032.7
2026-05-05 21:00:58,SHORT,78573.12,55.55,62.13,26.76,10059.46
2026-05-05 21:00:58,LONG,78249.42,62.2,46.37,1.5,10060.97
2026-05-05 21:00:58,SHORT,78668.36,39.95,31.02,21.64,10082.6
2026-05-05 21:00:58,LONG,79246.84,59.88,41.53,56.69,10139.29
2026-05-05 21:00:58,SHORT,79930.0,47.83,25.2,32.55,10171.85
2026-05-05 21:00:58,SHORT,80855.59,52.9,54.39,-5.27,10166.57
2026-05-05 21:00:59,SHORT,81075.79,35.75,38.67,16.57,10183.15
2026-05-05 21:01:40,SHORT,77105.0,60.59,34.46,25.96,10025.96
2026-05-05 21:01:40,LONG,76125.04,47.38,31.76,-28.58,9997.38
2026-05-05 21:01:40,SHORT,77053.64,50.59,52.32,3.3,10000.68
2026-05-05 21:01:40,SHORT,77310.12,57.24,36.67,42.75,10043.43
2026-05-05 21:01:40,LONG,75975.0,18.77,53.69,-77.13,9966.3
2026-05-05 21:01:40,LONG,75773.61,46.5,35.93,77.02,10043.32
2026-05-05 21:01:40,SHORT,77004.14,41.35,41.12,25.26,10068.57
2026-05-05 21:01:40,SHORT,77159.42,55.11,28.63,36.57,10105.15
2026-05-05 21:01:40,SHORT,78737.25,86.9,64.13,-100.87,10004.28
2026-05-05 21:01:40,LONG,78392.44,57.2,25.95,31.92,10036.2
2026-05-05 21:01:40,SHORT,78573.12,55.55,62.13,29.74,10065.95
2026-05-05 21:01:41,LONG,78249.42,62.2,46.37,1.67,10067.62
2026-05-05 21:01:41,SHORT,78668.36,39.95,31.02,24.06,10091.67
2026-05-05 21:01:41,LONG,79246.84,59.88,41.53,63.04,10154.72
2026-05-05 21:01:41,SHORT,79930.0,47.83,25.2,36.23,10190.94
2026-05-05 21:01:41,SHORT,80855.59,52.9,54.39,-5.87,10185.07
2026-05-05 21:01:41,SHORT,81075.79,35.75,38.67,18.45,10203.52
2026-05-05 21:07:46,SHORT,76342.7,25.16,19.03,124.57,10124.57
2026-05-05 21:07:46,LONG,77079.11,73.39,25.21,104.87,10229.44
2026-05-05 21:07:46,SHORT,77642.0,76.02,24.15,-85.99,10143.45
2026-05-05 21:07:46,SHORT,76924.1,27.13,34.68,103.98,10247.44
2026-05-05 21:07:46,LONG,75975.0,18.77,53.69,-78.7,10168.74
2026-05-05 21:07:46,LONG,75942.49,77.62,31.37,101.42,10270.16
2026-05-05 21:07:46,SHORT,77763.04,68.64,35.31,-75.13,10195.03
2026-05-05 21:07:46,SHORT,78737.25,86.9,64.13,-101.76,10093.26
2026-05-05 21:07:46,LONG,78806.68,86.94,21.24,85.71,10178.98
2026-05-05 21:07:46,SHORT,78236.45,27.81,58.14,62.5,10241.47
2026-05-05 21:07:46,SHORT,79769.43,62.82,21.6,-118.53,10122.95
2026-05-05 21:07:47,LONG,80216.16,77.34,36.8,187.83,10310.78
2026-05-05 21:07:47,SHORT,80809.05,78.84,13.67,-90.93,10219.85
2026-05-05 21:07:47,SHORT,80926.79,26.62,45.85,37.26,10257.11
2026-05-05 21:11:49,SHORT,76342.7,25.16,19.03,124.57,10124.57
2026-05-05 21:11:50,LONG,78806.68,86.94,21.24,85.98,10210.55
2026-05-05 21:14:04,SHORT,76288.89,24.71,22.89,131.53,10131.53
2026-05-05 21:14:05,LONG,78806.68,86.94,21.24,86.04,10217.57
2026-05-05 21:15:24,LONG,79920.01,77.98,22.01,24.34,10024.34
2026-05-05 21:15:24,LONG,80308.99,77.82,42.37,35.57,10059.91
2026-05-05 23:33:02,SHORT,76288.89,24.71,22.89,131.53,10131.53
2026-05-05 23:33:02,LONG,78806.68,86.94,21.24,93.07,10224.6
2026-05-05 23:36:54,SHORT,76342.7,25.16,19.03,124.57,10124.57
2026-05-05 23:36:55,LONG,78806.68,86.94,21.24,93.01,10217.58
2026-05-05 23:36:55,LONG,78514.83,75.83,38.15,30.56,10248.14
2026-05-05 23:36:55,LONG,81222.9,72.25,25.67,80.53,10328.67
2026-05-05 23:39:36,SHORT,76342.7,25.16,19.03,124.57,10124.57
2026-05-05 23:41:21,SHORT,76342.7,25.16,19.03,124.57,10124.57
2026-05-05 23:41:21,LONG,78806.68,86.94,21.24,93.01,10217.58
2026-05-05 23:41:21,LONG,78514.83,75.83,38.15,30.56,10248.14
2026-05-05 23:41:22,LONG,81307.68,87.49,26.69,91.32,10339.45
2026-05-05 23:50:38,SHORT,76229.0,13.63,27.65,139.28,10139.28
2026-05-05 23:50:38,LONG,78806.68,86.94,21.24,93.14,10232.42
2026-05-05 23:50:38,LONG,78514.83,75.83,38.15,30.61,10263.03
2026-05-05 23:50:39,LONG,81307.68,87.49,26.69,91.45,10354.47
2026-05-05 23:53:42,SHORT,76229.0,13.63,27.65,139.28,10139.28
2026-05-05 23:53:43,LONG,78806.68,86.94,21.24,93.14,10232.42
2026-05-05 23:53:43,LONG,78514.83,75.83,38.15,30.61,10263.03
2026-05-05 23:53:43,LONG,81307.68,87.49,26.69,91.45,10354.47
2026-05-06 00:00:25,SHORT,61708.31,81.93,38.71,-91.3,9908.7
2026-05-06 00:00:29,LONG,66252.53,24.07,21.9,-90.49,9818.21
2026-05-06 00:00:30,SHORT,67250.0,70.26,38.18,-80.84,9737.36
2026-05-06 00:00:30,LONG,69668.03,26.33,33.0,-75.61,9661.76
2026-05-06 00:00:31,LONG,69072.01,74.43,24.9,73.58,9735.33
2026-05-06 00:00:31,LONG,69348.5,78.01,38.23,66.11,9801.44
2026-05-06 00:00:31,LONG,68614.11,15.33,30.46,-91.41,9710.04
2026-05-06 00:00:32,SHORT,68150.01,23.25,40.7,80.64,9790.68
2026-05-06 00:00:32,LONG,67759.01,36.41,38.06,-78.06,9712.62
2026-05-06 00:00:32,SHORT,67441.18,21.12,50.96,59.13,9771.75
2026-05-06 00:00:33,LONG,71366.17,74.87,51.03,67.83,9839.58
2026-05-06 00:00:34,LONG,70004.84,74.19,17.57,71.47,9911.05
2026-05-06 00:00:34,LONG,68103.49,21.28,35.5,-104.33,9806.72
2026-05-06 00:00:35,SHORT,65323.86,21.37,22.39,272.22,10078.94
2026-05-06 00:00:35,SHORT,66716.31,73.6,36.57,-86.53,9992.41
2026-05-06 00:00:36,LONG,63792.0,29.1,22.9,-79.81,9912.6
2026-05-06 00:00:37,SHORT,61183.69,78.8,65.07,-82.94,9829.66
2026-05-06 00:00:37,SHORT,60760.42,21.8,33.67,-16.61,9813.05
2026-05-06 00:00:38,LONG,63339.77,74.13,41.87,70.18,9883.23
2026-05-06 00:00:38,LONG,62924.0,77.38,23.74,6.7,9889.94
2026-05-06 00:00:38,SHORT,55648.0,77.43,38.16,-76.29,9813.65
2026-05-06 00:00:39,SHORT,56235.98,13.91,27.28,171.92,9985.57
2026-05-06 00:00:39,SHORT,56258.02,69.06,23.35,-84.65,9900.92
2026-05-06 00:00:39,LONG,57889.1,83.65,39.14,53.84,9954.76
2026-05-06 00:00:40,LONG,60750.0,80.04,36.79,161.87,10116.62
2026-05-06 00:00:40,LONG,63430.01,15.93,26.74,-81.79,10034.83
2026-05-06 00:00:40,LONG,64392.03,42.18,33.29,-102.82,9932.01
2026-05-06 00:00:41,SHORT,64631.95,70.55,38.94,-95.25,9836.76
2026-05-06 00:00:41,LONG,67078.53,74.59,28.54,101.12,9937.88
2026-05-06 00:00:41,LONG,66276.01,27.2,22.66,-90.04,9847.83
2026-05-06 00:00:41,LONG,67080.48,28.0,74.52,-79.44,9768.39
2026-05-06 00:00:41,SHORT,66752.04,62.2,37.58,-76.1,9692.29
2026-05-06 00:00:42,LONG,68160.01,75.84,48.87,71.92,9764.2
2026-05-06 00:00:42,SHORT,68600.02,69.69,22.64,-97.76,9666.45
2026-05-06 00:00:43,SHORT,64760.0,77.26,38.84,-80.07,9586.38
2026-05-06 00:00:43,SHORT,60879.0,16.58,39.6,192.42,9778.8
2026-05-06 00:00:44,LONG,56215.89,24.01,15.73,-85.89,9692.91
2026-05-06 00:00:44,LONG,59818.62,38.03,29.96,-87.88,9605.04
2026-05-06 00:00:44,LONG,60027.88,33.67,48.69,-85.44,9519.59
2026-05-06 00:00:45,SHORT,59181.08,77.74,47.57,-72.07,9447.52
2026-05-06 00:00:46,LONG,59658.0,30.7,30.49,-119.77,9327.75
2026-05-06 00:00:46,LONG,60186.48,19.64,43.62,-96.88,9230.87
2026-05-06 00:00:46,LONG,63124.69,92.1,37.78,362.14,9593.02
2026-05-06 00:00:47,SHORT,58758.6,23.66,53.07,229.71,9822.73
2026-05-06 00:00:47,SHORT,59797.23,56.31,40.13,-75.69,9747.04
2026-05-06 00:00:47,LONG,59235.85,21.15,33.94,-124.14,9622.91
2026-05-06 00:00:48,LONG,59218.98,74.49,25.47,70.54,9693.45
2026-05-06 00:00:48,SHORT,55568.0,21.82,53.63,160.07,9853.52
2026-05-06 00:00:48,SHORT,54787.01,73.54,35.28,-90.21,9763.31
2026-05-06 00:00:48,SHORT,53687.0,23.67,48.78,122.65,9885.96
2026-05-06 00:00:49,LONG,57932.0,76.33,40.26,231.22,10117.18
2026-05-06 00:00:49,LONG,56655.13,26.23,45.49,-80.23,10036.95
2026-05-06 00:00:49,LONG,58387.99,75.27,17.81,102.11,10139.06
2026-05-06 00:00:49,LONG,59034.37,76.13,19.42,212.28,10351.34
2026-05-06 00:00:49,LONG,59629.99,33.51,42.13,-81.29,10270.05
2026-05-06 00:00:49,LONG,59427.99,35.83,16.6,-88.6,10181.45
2026-05-06 00:00:50,SHORT,59739.32,64.81,50.35,-113.62,10067.83
2026-05-06 00:00:50,LONG,59654.77,20.27,31.56,-80.0,9987.84
2026-05-06 00:00:50,LONG,62738.05,25.34,21.29,-79.47,9908.37
2026-05-06 00:00:50,LONG,62580.0,25.32,24.63,-76.22,9832.15
2026-05-06 00:00:51,LONG,63435.01,38.87,42.8,-78.13,9754.02
2026-05-06 00:00:51,LONG,65486.01,76.97,24.2,116.81,9870.83
2026-05-06 00:00:52,LONG,65817.98,76.15,26.13,8.1,9878.93
2026-05-06 00:00:52,SHORT,60919.99,22.6,31.5,96.81,9975.74
2026-05-06 00:00:53,LONG,62291.21,77.25,60.49,46.86,10022.6
2026-05-06 00:00:53,LONG,63677.98,81.43,26.04,221.19,10243.78
2026-05-06 00:00:53,LONG,64200.06,79.87,51.28,183.54,10427.32
2026-05-06 00:00:53,LONG,62471.08,29.23,37.59,-119.94,10307.38
2026-05-06 00:00:53,SHORT,59170.0,21.45,46.33,332.74,10640.13
2026-05-06 00:00:53,SHORT,61086.0,65.53,39.75,-89.13,10551.0
2026-05-06 00:00:54,LONG,62950.01,76.41,39.58,90.44,10641.44
2026-05-06 00:00:54,LONG,62249.6,33.7,34.06,-118.09,10523.35
2026-05-06 00:00:54,LONG,67658.0,81.62,25.22,363.33,10886.68
2026-05-06 00:00:54,LONG,67482.63,76.82,29.6,204.32,11091.0
2026-05-06 00:00:55,LONG,68235.28,75.47,27.12,-27.39,11063.6
2026-05-06 00:00:55,LONG,68759.99,74.44,23.61,79.06,11142.66
2026-05-06 00:00:55,SHORT,66828.01,22.72,44.2,155.53,11298.19
2026-05-06 00:00:56,LONG,67332.0,80.09,36.91,80.97,11379.17
2026-05-06 00:00:57,SHORT,70636.0,73.15,57.9,-104.37,11274.79
2026-05-06 00:00:58,LONG,74272.01,77.06,37.03,138.47,11413.27
2026-05-06 00:00:58,LONG,74640.0,24.5,8.6,-85.98,11327.29
2026-05-06 00:00:58,LONG,76742.26,75.55,24.36,159.9,11487.19
2026-05-06 00:00:58,LONG,76618.86,78.29,34.27,50.99,11538.18
2026-05-06 00:00:59,LONG,89691.99,30.63,40.49,-118.16,11420.02
2026-05-06 00:01:00,LONG,98280.01,86.63,27.92,252.26,11672.28
2026-05-06 00:01:01,LONG,97517.83,17.86,31.99,-101.19,11571.09
2026-05-06 00:01:02,LONG,96976.03,79.06,33.05,141.44,11712.53
2026-05-06 00:01:02,LONG,97019.68,75.44,39.66,38.63,11751.16
2026-05-06 00:01:02,SHORT,96718.02,75.7,23.89,-100.45,11650.71
2026-05-06 00:01:03,LONG,95203.5,39.01,52.1,-97.97,11552.74
2026-05-06 00:01:03,LONG,100179.24,23.89,49.55,-135.48,11417.25
2026-05-06 00:01:04,SHORT,94596.88,16.85,23.54,383.79,11801.04
2026-05-06 00:01:04,LONG,101530.24,75.5,16.21,36.57,11837.62
2026-05-06 00:01:05,LONG,105527.35,27.17,27.37,-117.29,11720.33
2026-05-06 00:01:05,SHORT,100373.21,19.54,27.2,519.47,12239.8
2026-05-06 00:01:05,SHORT,97805.44,58.16,14.01,-93.32,12146.48
2026-05-06 00:01:06,LONG,98910.97,74.67,14.59,128.37,12274.85
2026-05-06 00:01:06,LONG,93980.01,31.02,39.1,-113.57,12161.28
2026-05-06 00:01:07,LONG,96893.04,76.5,24.57,55.6,12216.88
2026-05-06 00:01:07,LONG,98123.44,74.77,10.84,34.14,12251.02
2026-05-06 00:01:09,SHORT,93575.53,69.8,17.38,-156.16,12094.85
2026-05-06 00:01:09,LONG,97618.89,31.21,29.5,-149.24,11945.62
2026-05-06 00:01:10,LONG,106180.08,78.97,22.93,334.15,12279.76
2026-05-06 00:01:10,LONG,104957.99,34.34,28.54,-175.07,12104.69
2026-05-06 00:01:10,SHORT,103978.0,82.04,31.17,-93.31,12011.38
2026-05-06 00:01:10,LONG,105097.35,74.61,44.11,40.19,12051.58
2026-05-06 00:01:11,LONG,103349.66,20.53,34.34,-173.14,11878.44
2026-05-06 00:01:11,SHORT,101628.22,74.06,21.06,-119.06,11759.38
2026-05-06 00:01:12,SHORT,96150.84,55.37,19.29,-100.88,11658.5
2026-05-06 00:01:12,LONG,99128.0,8.85,31.78,-132.76,11525.74
2026-05-06 00:01:13,LONG,95036.26,30.65,28.64,-185.95,11339.79
2026-05-06 00:01:13,LONG,96799.53,20.59,44.52,-128.9,11210.9
2026-05-06 00:01:13,LONG,96165.01,5.93,64.77,-115.25,11095.65
2026-05-06 00:01:13,SHORT,97290.95,62.01,22.63,-100.86,10994.79
2026-05-06 00:01:14,SHORT,95300.01,23.99,38.48,76.91,11071.7
2026-05-06 00:01:15,SHORT,87013.46,68.99,40.2,-116.98,10954.72
2026-05-06 00:01:15,SHORT,82332.8,78.82,48.71,-111.75,10842.98
2026-05-06 00:01:16,LONG,91993.99,32.43,29.75,-101.44,10741.54
2026-05-06 00:01:16,LONG,93642.06,82.48,33.97,233.95,10975.49
2026-05-06 00:01:16,LONG,90102.02,40.48,28.66,-87.99,10887.5
2026-05-06 00:01:17,SHORT,82226.98,76.65,37.64,-111.21,10776.29
2026-05-06 00:01:18,LONG,84460.79,76.43,21.89,64.39,10840.68
2026-05-06 00:01:18,LONG,84410.0,74.15,34.69,31.4,10872.08
2026-05-06 00:01:18,LONG,86344.29,76.49,54.8,133.89,11005.96
2026-05-06 00:01:18,SHORT,83794.17,15.77,27.31,127.35,11133.31
2026-05-06 00:01:19,SHORT,84964.21,74.74,64.33,-85.3,11048.01
2026-05-06 00:01:20,SHORT,82927.81,17.6,41.14,181.81,11229.82
2026-05-06 00:01:20,SHORT,81906.88,23.39,22.44,153.56,11383.39
2026-05-06 00:01:20,LONG,82796.1,17.34,41.53,-111.52,11271.86
2026-05-06 00:01:20,SHORT,83345.08,78.59,48.96,-85.51,11186.35
2026-05-06 00:01:21,LONG,82824.32,15.72,29.27,-92.0,11094.35
2026-05-06 00:01:21,SHORT,82876.03,23.91,40.22,45.59,11139.94
2026-05-06 00:01:21,SHORT,77913.99,75.19,41.92,-90.73,11049.21
2026-05-06 00:01:22,LONG,80891.99,32.06,15.31,-115.1,10934.11
2026-05-06 00:01:22,LONG,83623.3,78.21,27.29,32.83,10966.94
2026-05-06 00:01:22,LONG,83757.97,27.01,24.8,-111.72,10855.22
2026-05-06 00:01:23,LONG,88401.03,75.23,13.67,197.97,11053.2
2026-05-06 00:01:25,LONG,96300.0,74.75,28.55,-5.74,11047.46
2026-05-06 00:01:25,SHORT,94430.46,20.89,44.7,141.54,11189.0
2026-05-06 00:01:26,LONG,97262.88,74.81,30.94,110.99,11299.99
2026-05-06 00:01:26,LONG,104807.37,84.52,41.59,182.81,11482.8
2026-05-06 00:01:28,LONG,111173.92,76.9,31.8,37.12,11519.92
2026-05-06 00:01:28,SHORT,107587.75,21.48,30.2,76.53,11596.45
2026-05-06 00:01:29,SHORT,108746.01,76.23,40.36,-94.86,11501.58
2026-05-06 00:01:29,SHORT,104831.83,64.02,9.69,-88.21,11413.37
2026-05-06 00:01:29,LONG,104682.93,76.07,34.94,33.02,11446.39
2026-05-06 00:01:29,LONG,105811.13,81.93,35.95,85.46,11531.85
2026-05-06 00:01:30,SHORT,103190.98,87.23,41.8,-100.07,11431.78
2026-05-06 00:01:30,LONG,105876.61,79.99,28.41,35.14,11466.92
2026-05-06 00:01:30,LONG,105906.98,75.72,21.39,14.79,11481.71
2026-05-06 00:01:31,LONG,108554.3,21.32,26.13,-88.77,11392.94
2026-05-06 00:01:31,LONG,106231.89,19.55,51.54,-129.93,11263.01
2026-05-06 00:01:32,SHORT,105811.74,84.76,33.52,-116.84,11146.17
2026-05-06 00:01:32,LONG,104881.28,12.44,25.34,-83.61,11062.55
2026-05-06 00:01:32,SHORT,103572.29,23.0,35.84,37.0,11099.55
2026-05-06 00:01:32,SHORT,101771.02,68.08,44.91,-94.49,11005.06
2026-05-06 00:01:32,LONG,100272.18,34.97,17.0,-102.19,10902.87
2026-05-06 00:01:33,LONG,107361.4,78.33,28.79,26.43,10929.3
2026-05-06 00:01:33,LONG,108054.26,74.65,21.71,53.87,10983.17
2026-05-06 00:01:34,SHORT,105459.93,20.56,22.97,170.6,11153.77
2026-05-06 00:01:34,LONG,109449.98,74.89,24.11,50.82,11204.59
2026-05-06 00:01:34,SHORT,109305.85,59.09,23.49,-113.05,11091.54
2026-05-06 00:01:35,LONG,107976.91,40.0,21.54,-86.15,11005.38
2026-05-06 00:01:35,SHORT,108506.02,23.36,22.58,-8.22,10997.17
2026-05-06 00:01:35,LONG,112637.66,74.98,29.17,181.09,11178.26
2026-05-06 00:01:35,LONG,117608.52,80.08,20.02,28.95,11207.21
2026-05-06 00:01:36,LONG,119878.23,18.41,44.66,-94.89,11112.32
2026-05-06 00:01:36,LONG,120329.19,75.68,21.9,185.49,11297.81
2026-05-06 00:01:37,LONG,118000.0,29.47,32.01,-106.55,11191.26
2026-05-06 00:01:38,LONG,119157.64,85.28,23.02,114.54,11305.79
2026-05-06 00:01:38,LONG,119766.64,74.31,20.2,96.39,11402.19
2026-05-06 00:01:40,LONG,115146.03,82.61,35.02,55.13,11457.32
2026-05-06 00:01:40,LONG,120193.7,16.48,69.79,-104.01,11353.31
2026-05-06 00:01:40,LONG,120169.75,80.25,17.54,77.41,11430.71
2026-05-06 00:01:41,LONG,121583.0,10.91,41.21,-92.12,11338.59
2026-05-06 00:01:41,SHORT,117810.7,23.09,14.46,-10.47,11328.12
2026-05-06 00:01:41,SHORT,116516.11,79.29,17.41,-97.68,11230.44
2026-05-06 00:01:42,LONG,114948.39,15.77,55.0,-88.97,11141.47
2026-05-06 00:01:42,SHORT,111164.11,22.88,17.94,108.76,11250.23
2026-05-06 00:01:43,SHORT,108198.67,23.58,36.35,239.29,11489.52
2026-05-06 00:01:43,SHORT,108246.35,22.96,31.84,50.06,11539.58
2026-05-06 00:01:43,SHORT,109432.99,85.78,28.43,-106.09,11433.49
2026-05-06 00:01:44,LONG,110968.0,78.11,31.28,162.88,11596.37
2026-05-06 00:01:44,LONG,110780.0,19.4,22.37,-91.02,11505.35
2026-05-06 00:01:44,SHORT,109456.02,22.91,50.35,161.97,11667.32
2026-05-06 00:01:44,SHORT,110752.83,20.01,18.47,48.61,11715.92
2026-05-06 00:01:44,SHORT,110314.99,19.76,37.04,67.34,11783.27
2026-05-06 00:01:44,SHORT,111235.81,79.23,31.48,-89.87,11693.4
2026-05-06 00:01:45,LONG,111570.68,25.45,46.06,-106.2,11587.2
2026-05-06 00:01:45,SHORT,112553.65,80.16,46.88,-106.33,11480.87
2026-05-06 00:01:45,LONG,115905.88,78.01,46.71,25.37,11506.24
2026-05-06 00:01:46,LONG,116531.93,77.04,30.26,128.55,11634.8
2026-05-06 00:01:47,SHORT,115711.51,22.96,30.64,21.49,11656.29
2026-05-06 00:01:48,LONG,112983.67,16.91,68.29,-97.83,11558.46
2026-05-06 00:01:48,SHORT,114387.29,86.25,46.44,-87.46,11471.0
2026-05-06 00:01:49,LONG,120349.6,78.51,19.68,67.91,11538.91
2026-05-06 00:01:49,LONG,122234.24,75.36,29.38,24.69,11563.6
2026-05-06 00:01:49,LONG,122988.76,7.81,52.17,-95.54,11468.06
2026-05-06 00:01:49,LONG,123465.28,78.25,31.03,41.46,11509.52
2026-05-06 00:01:50,SHORT,112338.1,59.15,22.4,-86.45,11423.07
2026-05-06 00:01:50,LONG,113643.33,15.21,33.34,-90.41,11332.65
2026-05-06 00:01:50,LONG,114093.98,6.02,44.15,-85.28,11247.38
2026-05-06 00:01:50,SHORT,111905.73,12.26,22.43,99.09,11346.47
2026-05-06 00:01:51,LONG,111022.59,84.16,23.63,29.8,11376.27
2026-05-06 00:01:51,LONG,109059.22,21.86,71.04,-114.5,11261.77
2026-05-06 00:01:51,SHORT,112170.52,80.57,53.11,-314.19,10947.58
2026-05-06 00:01:52,SHORT,109881.05,74.81,67.24,-158.66,10788.92
2026-05-06 00:01:52,LONG,111679.83,84.89,32.78,44.08,10833.01
2026-05-06 00:01:52,LONG,115750.25,75.58,32.02,81.81,10914.82
2026-05-06 00:01:53,SHORT,111509.74,23.92,27.78,141.28,11056.1
2026-05-06 00:01:53,SHORT,109769.7,79.87,58.37,-113.16,10942.94
2026-05-06 00:01:54,SHORT,102338.0,73.33,17.61,-127.77,10815.16
2026-05-06 00:01:55,SHORT,104799.99,77.5,28.83,-131.11,10684.06
2026-05-06 00:01:55,SHORT,97289.78,22.31,33.75,313.58,10997.64
2026-05-06 00:01:55,SHORT,95225.37,23.02,30.4,103.95,11101.59
2026-05-06 00:01:56,SHORT,92801.62,63.68,21.67,-175.31,10926.28
2026-05-06 00:01:56,LONG,91892.53,38.97,36.4,-87.93,10838.35
2026-05-06 00:01:56,SHORT,91327.03,81.98,41.49,-86.89,10751.46
2026-05-06 00:01:57,LONG,87344.01,74.28,39.4,228.97,10980.43
2026-05-06 00:01:57,LONG,87009.82,24.92,32.26,-127.61,10852.82
2026-05-06 00:01:57,LONG,91467.13,74.36,54.09,57.32,10910.14
2026-05-06 00:01:57,LONG,91523.36,76.62,33.05,76.65,10986.79
2026-05-06 00:01:59,SHORT,87920.99,22.01,24.82,245.92,11232.72
2026-05-06 00:01:59,LONG,90239.16,16.54,34.39,-150.89,11081.83
2026-05-06 00:01:59,LONG,91980.69,32.05,14.83,-83.58,10998.25
2026-05-06 00:02:00,SHORT,89802.55,22.68,25.68,79.18,11077.43
2026-05-06 00:02:00,LONG,88050.01,19.1,42.19,-173.91,10903.52
2026-05-06 00:02:00,SHORT,87261.45,79.69,38.38,-94.97,10808.55
2026-05-06 00:02:00,SHORT,87372.43,73.49,24.17,-84.08,10724.48
2026-05-06 00:02:01,SHORT,87146.04,75.93,29.84,-97.36,10627.11
2026-05-06 00:02:01,LONG,88307.64,74.78,32.12,11.48,10638.59
2026-05-06 00:02:02,SHORT,88295.69,76.51,43.85,-79.95,10558.65
2026-05-06 00:02:03,SHORT,88584.26,74.97,35.24,-85.08,10473.57
2026-05-06 00:02:03,LONG,90604.26,77.96,28.14,200.78,10674.35
2026-05-06 00:02:04,SHORT,90619.51,20.36,27.23,17.58,10691.93
2026-05-06 00:02:04,LONG,90938.13,75.31,21.17,44.79,10736.72
2026-05-06 00:02:04,LONG,91783.23,76.27,16.21,129.33,10866.05
2026-05-06 00:02:04,LONG,90560.01,16.18,35.36,-120.2,10745.85
2026-05-06 00:02:05,LONG,96493.15,79.95,26.15,184.64,10930.49
2026-05-06 00:02:05,LONG,95825.51,33.93,16.72,-87.23,10843.26
2026-05-06 00:02:05,SHORT,94950.04,21.84,31.85,86.56,10929.81
2026-05-06 00:02:06,SHORT,92442.23,23.0,21.57,62.63,10992.44
2026-05-06 00:02:06,SHORT,89088.59,23.6,24.16,102.7,11095.15
2026-05-06 00:02:06,LONG,88710.28,28.88,46.66,-103.0,10992.14
2026-05-06 00:02:07,SHORT,88721.46,74.41,21.62,-129.7,10862.44
2026-05-06 00:02:08,SHORT,76984.0,21.62,31.53,273.87,11136.31
2026-05-06 00:02:08,LONG,77201.22,31.22,37.07,-115.26,11021.06
2026-05-06 00:02:08,SHORT,67037.01,77.39,50.14,-104.37,10916.68
2026-05-06 00:02:09,SHORT,67576.63,16.43,45.65,256.27,11172.95
2026-05-06 00:02:09,SHORT,65740.35,21.62,33.53,371.28,11544.23
2026-05-06 00:02:10,LONG,69567.06,80.96,24.97,130.41,11674.64
2026-05-06 00:02:10,LONG,70405.12,74.87,40.58,167.85,11842.49
2026-05-06 00:02:10,SHORT,65965.59,21.35,53.96,147.65,11990.14
2026-05-06 00:02:11,LONG,68231.0,78.95,17.69,23.24,12013.38
2026-05-06 00:02:11,SHORT,65481.74,14.6,26.72,378.62,12392.0
2026-05-06 00:02:11,SHORT,66275.84,74.09,54.7,-97.72,12294.28
2026-05-06 00:02:12,SHORT,64412.0,81.94,35.66,-93.04,12201.24
2026-05-06 00:02:12,LONG,66979.88,25.92,35.08,-152.04,12049.21
2026-05-06 00:02:12,SHORT,65492.96,20.58,41.25,71.95,12121.16
2026-05-06 00:02:12,SHORT,65665.04,76.95,42.62,-104.0,12017.16
2026-05-06 00:02:13,LONG,66022.34,31.13,36.33,-97.1,11920.06
2026-05-06 00:02:13,LONG,72150.71,44.54,7.65,-91.02,11829.05
2026-05-06 00:02:13,LONG,71278.46,25.85,37.69,-90.08,11738.97
2026-05-06 00:02:13,SHORT,70393.09,20.2,32.66,184.61,11923.58
2026-05-06 00:02:14,LONG,69173.0,35.65,16.8,-126.8,11796.78
2026-05-06 00:02:15,SHORT,71463.9,64.9,47.36,-88.8,11707.98
2026-05-06 00:02:15,LONG,74298.61,77.26,40.97,223.55,11931.53
2026-05-06 00:02:15,LONG,74745.5,81.72,43.93,111.84,12043.37
2026-05-06 00:02:15,SHORT,70926.01,72.16,30.18,-96.85,11946.52
2026-05-06 00:02:16,LONG,69858.64,14.17,29.56,-125.23,11821.29
2026-05-06 00:02:17,SHORT,66940.95,78.11,22.31,-95.0,11726.29
2026-05-06 00:02:18,SHORT,67446.36,71.61,39.4,-88.18,11638.11
2026-05-06 00:02:18,LONG,67026.81,75.19,47.26,-17.93,11620.18
2026-05-06 00:02:19,LONG,71735.99,11.94,59.91,-208.32,11411.86
2026-05-06 00:02:19,SHORT,71989.14,81.03,31.35,-106.77,11305.09
2026-05-06 00:02:20,LONG,73788.03,35.04,29.83,-111.15,11193.94
2026-05-06 00:02:20,LONG,76291.59,20.66,43.53,-108.28,11085.66
2026-05-06 00:02:20,SHORT,75264.0,23.95,39.05,49.87,11135.53
2026-05-06 00:02:20,LONG,76194.84,81.21,31.32,79.01,11214.54
2026-05-06 00:02:21,SHORT,77245.77,22.75,42.17,67.65,11282.19
2026-05-06 00:02:21,SHORT,78138.86,74.76,19.26,-90.23,11191.96
2026-05-06 00:02:21,LONG,77804.13,12.79,35.41,-85.97,11105.99
2026-05-06 00:02:21,SHORT,76229.0,13.63,27.65,154.68,11260.67
2026-05-06 00:02:22,LONG,78806.68,86.94,21.24,103.44,11364.12
2026-05-06 00:02:22,LONG,78514.83,75.83,38.15,33.99,11398.11
2026-05-06 00:02:23,LONG,81307.68,87.49,26.69,101.56,11499.67
2026-05-06 00:05:31,SHORT,61708.31,81.93,38.71,-0.91,99.09
2026-05-06 00:05:32,LONG,66252.53,24.07,21.9,-0.9,98.18
2026-05-06 00:05:32,SHORT,67250.0,70.26,38.18,-0.81,97.37
2026-05-06 00:05:32,LONG,69668.03,26.33,33.0,-0.76,96.62
2026-05-06 00:05:33,LONG,69072.01,74.43,24.9,0.74,97.35
2026-05-06 00:05:33,LONG,69348.5,78.01,38.23,0.66,98.01
2026-05-06 00:05:33,LONG,68614.11,15.33,30.46,-0.91,97.1
2026-05-06 00:05:33,SHORT,68150.01,23.25,40.7,0.81,97.91
2026-05-06 00:05:34,LONG,67759.01,36.41,38.06,-0.78,97.13
2026-05-06 00:05:34,SHORT,67441.18,21.12,50.96,0.59,97.72
2026-05-06 00:05:35,LONG,71366.17,74.87,51.03,0.68,98.4
2026-05-06 00:05:35,LONG,70004.84,74.19,17.57,0.71,99.11
2026-05-06 00:05:36,LONG,68103.49,21.28,35.5,-1.04,98.07
2026-05-06 00:05:36,SHORT,65323.86,21.37,22.39,2.72,100.79
2026-05-06 00:05:36,SHORT,66716.31,73.6,36.57,-0.87,99.92
2026-05-06 00:05:37,LONG,63792.0,29.1,22.9,-0.8,99.13
2026-05-06 00:05:37,SHORT,61183.69,78.8,65.07,-0.83,98.3
2026-05-06 00:05:38,SHORT,60760.42,21.8,33.67,-0.17,98.13
2026-05-06 00:05:38,LONG,63339.77,74.13,41.87,0.7,98.83
2026-05-06 00:05:39,LONG,62924.0,77.38,23.74,0.07,98.9
2026-05-06 00:05:39,SHORT,55648.0,77.43,38.16,-0.76,98.14
2026-05-06 00:05:39,SHORT,56235.98,13.91,27.28,1.72,99.86
2026-05-06 00:05:39,SHORT,56258.02,69.06,23.35,-0.85,99.01
2026-05-06 00:05:40,LONG,57889.1,83.65,39.14,0.54,99.55
2026-05-06 00:05:40,LONG,60750.0,80.04,36.79,1.62,101.17
2026-05-06 00:05:41,LONG,63430.01,15.93,26.74,-0.82,100.35
2026-05-06 00:05:41,LONG,64392.03,42.18,33.29,-1.03,99.32
2026-05-06 00:05:41,SHORT,64631.95,70.55,38.94,-0.95,98.37
2026-05-06 00:05:41,LONG,67078.53,74.59,28.54,1.01,99.38
2026-05-06 00:05:41,LONG,66276.01,27.2,22.66,-0.9,98.48
2026-05-06 00:05:42,LONG,67080.48,28.0,74.52,-0.79,97.68
2026-05-06 00:05:42,SHORT,66752.04,62.2,37.58,-0.76,96.92
2026-05-06 00:05:42,LONG,68160.01,75.84,48.87,0.72,97.64
2026-05-06 00:05:43,SHORT,68600.02,69.69,22.64,-0.98,96.66
2026-05-06 00:05:43,SHORT,64760.0,77.26,38.84,-0.8,95.86
2026-05-06 00:05:43,SHORT,60879.0,16.58,39.6,1.92,97.79
2026-05-06 00:05:44,LONG,56215.89,24.01,15.73,-0.86,96.93
2026-05-06 00:05:44,LONG,59818.62,38.03,29.96,-0.88,96.05
2026-05-06 00:05:45,LONG,60027.88,33.67,48.69,-0.85,95.2
2026-05-06 00:05:45,SHORT,59181.08,77.74,47.57,-0.72,94.48
2026-05-06 00:05:46,LONG,59658.0,30.7,30.49,-1.2,93.28
2026-05-06 00:05:46,LONG,60186.48,19.64,43.62,-0.97,92.31
2026-05-06 00:05:46,LONG,63124.69,92.1,37.78,3.62,95.93
2026-05-06 00:05:47,SHORT,58758.6,23.66,53.07,2.3,98.23
2026-05-06 00:05:47,SHORT,59797.23,56.31,40.13,-0.76,97.47
2026-05-06 00:05:47,LONG,59235.85,21.15,33.94,-1.24,96.23
2026-05-06 00:05:48,LONG,59218.98,74.49,25.47,0.71,96.93
2026-05-06 00:05:48,SHORT,55568.0,21.82,53.63,1.6,98.54
2026-05-06 00:05:49,SHORT,54787.01,73.54,35.28,-0.9,97.63
2026-05-06 00:05:49,SHORT,53687.0,23.67,48.78,1.23,98.86
2026-05-06 00:05:49,LONG,57932.0,76.33,40.26,2.31,101.17
2026-05-06 00:05:49,LONG,56655.13,26.23,45.49,-0.8,100.37
2026-05-06 00:05:49,LONG,58387.99,75.27,17.81,1.02,101.39
2026-05-06 00:05:50,LONG,59034.37,76.13,19.42,2.12,103.51
2026-05-06 00:05:50,LONG,59629.99,33.51,42.13,-0.81,102.7
2026-05-06 00:05:50,LONG,59427.99,35.83,16.6,-0.89,101.81
2026-05-06 00:05:50,SHORT,59739.32,64.81,50.35,-1.14,100.68
2026-05-06 00:05:50,LONG,59654.77,20.27,31.56,-0.8,99.88
2026-05-06 00:05:51,LONG,62738.05,25.34,21.29,-0.79,99.08
2026-05-06 00:05:51,LONG,62580.0,25.32,24.63,-0.76,98.32
2026-05-06 00:05:51,LONG,63435.01,38.87,42.8,-0.78,97.54
2026-05-06 00:05:52,LONG,65486.01,76.97,24.2,1.17,98.71
2026-05-06 00:05:52,LONG,65817.98,76.15,26.13,0.08,98.79
2026-05-06 00:05:52,SHORT,60919.99,22.6,31.5,0.97,99.76
2026-05-06 00:05:53,LONG,62291.21,77.25,60.49,0.47,100.23
2026-05-06 00:05:53,LONG,63677.98,81.43,26.04,2.21,102.44
2026-05-06 00:05:53,LONG,64200.06,79.87,51.28,1.84,104.27
2026-05-06 00:05:53,LONG,62471.08,29.23,37.59,-1.2,103.07
2026-05-06 00:05:54,SHORT,59170.0,21.45,46.33,3.33,106.4
2026-05-06 00:05:54,SHORT,61086.0,65.53,39.75,-0.89,105.51
2026-05-06 00:05:54,LONG,62950.01,76.41,39.58,0.9,106.41
2026-05-06 00:05:54,LONG,62249.6,33.7,34.06,-1.18,105.23
2026-05-06 00:05:54,LONG,67658.0,81.62,25.22,3.63,108.87
2026-05-06 00:05:54,LONG,67482.63,76.82,29.6,2.04,110.91
2026-05-06 00:05:55,LONG,68235.28,75.47,27.12,-0.27,110.64
2026-05-06 00:05:55,LONG,68759.99,74.44,23.61,0.79,111.43
2026-05-06 00:05:55,SHORT,66828.01,22.72,44.2,1.56,112.98
2026-05-06 00:05:56,LONG,67332.0,80.09,36.91,0.81,113.79
2026-05-06 00:05:57,SHORT,70636.0,73.15,57.9,-1.04,112.75
2026-05-06 00:05:58,LONG,74272.01,77.06,37.03,1.38,114.13
2026-05-06 00:05:58,LONG,74640.0,24.5,8.6,-0.86,113.27
2026-05-06 00:05:58,LONG,76742.26,75.55,24.36,1.6,114.87
2026-05-06 00:05:58,LONG,76618.86,78.29,34.27,0.51,115.38
2026-05-06 00:05:59,LONG,89691.99,30.63,40.49,-1.18,114.2
2026-05-06 00:06:00,LONG,98280.01,86.63,27.92,2.52,116.72
2026-05-06 00:06:00,LONG,97517.83,17.86,31.99,-1.01,115.71
2026-05-06 00:06:01,LONG,96976.03,79.06,33.05,1.41,117.13
2026-05-06 00:06:01,LONG,97019.68,75.44,39.66,0.39,117.51
2026-05-06 00:06:01,SHORT,96718.02,75.7,23.89,-1.0,116.51
2026-05-06 00:06:02,LONG,95203.5,39.01,52.1,-0.98,115.53
2026-05-06 00:06:02,LONG,100179.24,23.89,49.55,-1.35,114.17
2026-05-06 00:06:03,SHORT,94596.88,16.85,23.54,3.84,118.01
2026-05-06 00:06:03,LONG,101530.24,75.5,16.21,0.37,118.38
2026-05-06 00:06:04,LONG,105527.35,27.17,27.37,-1.17,117.2
2026-05-06 00:06:04,SHORT,100373.21,19.54,27.2,5.19,122.4
2026-05-06 00:06:04,SHORT,97805.44,58.16,14.01,-0.93,121.46
2026-05-06 00:06:05,LONG,98910.97,74.67,14.59,1.28,122.75
2026-05-06 00:06:05,LONG,93980.01,31.02,39.1,-1.14,121.61
2026-05-06 00:06:06,LONG,96893.04,76.5,24.57,0.56,122.17
2026-05-06 00:06:06,LONG,98123.44,74.77,10.84,0.34,122.51
2026-05-06 00:06:08,SHORT,93575.53,69.8,17.38,-1.56,120.95
2026-05-06 00:06:08,LONG,97618.89,31.21,29.5,-1.49,119.46
2026-05-06 00:06:09,LONG,106180.08,78.97,22.93,3.34,122.8
2026-05-06 00:06:09,LONG,104957.99,34.34,28.54,-1.75,121.05
2026-05-06 00:06:09,SHORT,103978.0,82.04,31.17,-0.93,120.11
2026-05-06 00:06:09,LONG,105097.35,74.61,44.11,0.4,120.52
2026-05-06 00:06:10,LONG,103349.66,20.53,34.34,-1.73,118.78
2026-05-06 00:06:10,SHORT,101628.22,74.06,21.06,-1.19,117.59
2026-05-06 00:06:11,SHORT,96150.84,55.37,19.29,-1.01,116.58
2026-05-06 00:06:11,LONG,99128.0,8.85,31.78,-1.33,115.26
2026-05-06 00:06:12,LONG,95036.26,30.65,28.64,-1.86,113.4
2026-05-06 00:06:12,LONG,96799.53,20.59,44.52,-1.29,112.11
2026-05-06 00:06:13,LONG,96165.01,5.93,64.77,-1.15,110.96
2026-05-06 00:06:13,SHORT,97290.95,62.01,22.63,-1.01,109.95
2026-05-06 00:06:13,SHORT,95300.01,23.99,38.48,0.77,110.72
2026-05-06 00:06:15,SHORT,87013.46,68.99,40.2,-1.17,109.55
2026-05-06 00:06:15,SHORT,82332.8,78.82,48.71,-1.12,108.43
2026-05-06 00:06:15,LONG,91993.99,32.43,29.75,-1.01,107.42
2026-05-06 00:06:15,LONG,93642.06,82.48,33.97,2.34,109.75
2026-05-06 00:06:16,LONG,90102.02,40.48,28.66,-0.88,108.88
2026-05-06 00:06:17,SHORT,82226.98,76.65,37.64,-1.11,107.76
2026-05-06 00:06:17,LONG,84460.79,76.43,21.89,0.64,108.41
2026-05-06 00:06:17,LONG,84410.0,74.15,34.69,0.31,108.72
2026-05-06 00:06:18,LONG,86344.29,76.49,54.8,1.34,110.06
2026-05-06 00:06:18,SHORT,83794.17,15.77,27.31,1.27,111.33
2026-05-06 00:06:18,SHORT,84964.21,74.74,64.33,-0.85,110.48
2026-05-06 00:06:19,SHORT,82927.81,17.6,41.14,1.82,112.3
2026-05-06 00:06:19,SHORT,81906.88,23.39,22.44,1.54,113.83
2026-05-06 00:06:19,LONG,82796.1,17.34,41.53,-1.12,112.72
2026-05-06 00:06:20,SHORT,83345.08,78.59,48.96,-0.86,111.86
2026-05-06 00:06:20,LONG,82824.32,15.72,29.27,-0.92,110.94
2026-05-06 00:06:20,SHORT,82876.03,23.91,40.22,0.46,111.4
2026-05-06 00:06:21,SHORT,77913.99,75.19,41.92,-0.91,110.49
2026-05-06 00:06:21,LONG,80891.99,32.06,15.31,-1.15,109.34
2026-05-06 00:06:21,LONG,83623.3,78.21,27.29,0.33,109.67
2026-05-06 00:06:21,LONG,83757.97,27.01,24.8,-1.12,108.55
2026-05-06 00:06:22,LONG,88401.03,75.23,13.67,1.98,110.53
2026-05-06 00:06:24,LONG,96300.0,74.75,28.55,-0.06,110.47
2026-05-06 00:06:24,SHORT,94430.46,20.89,44.7,1.42,111.89
2026-05-06 00:06:25,LONG,97262.88,74.81,30.94,1.11,113.0
2026-05-06 00:06:25,LONG,104807.37,84.52,41.59,1.83,114.83
2026-05-06 00:06:27,LONG,111173.92,76.9,31.8,0.37,115.2
2026-05-06 00:06:27,SHORT,107587.75,21.48,30.2,0.77,115.96
2026-05-06 00:06:28,SHORT,108746.01,76.23,40.36,-0.95,115.02
2026-05-06 00:06:28,SHORT,104831.83,64.02,9.69,-0.88,114.13
2026-05-06 00:06:28,LONG,104682.93,76.07,34.94,0.33,114.46
2026-05-06 00:06:28,LONG,105811.13,81.93,35.95,0.85,115.32
2026-05-06 00:06:29,SHORT,103190.98,87.23,41.8,-1.0,114.32
2026-05-06 00:06:29,LONG,105876.61,79.99,28.41,0.35,114.67
2026-05-06 00:06:29,LONG,105906.98,75.72,21.39,0.15,114.82
2026-05-06 00:06:30,LONG,108554.3,21.32,26.13,-0.89,113.93
2026-05-06 00:06:30,LONG,106231.89,19.55,51.54,-1.3,112.63
2026-05-06 00:06:31,SHORT,105811.74,84.76,33.52,-1.17,111.46
2026-05-06 00:06:31,LONG,104881.28,12.44,25.34,-0.84,110.63
2026-05-06 00:06:31,SHORT,103572.29,23.0,35.84,0.37,111.0
2026-05-06 00:06:31,SHORT,101771.02,68.08,44.91,-0.94,110.05
2026-05-06 00:06:31,LONG,100272.18,34.97,17.0,-1.02,109.03
2026-05-06 00:06:32,LONG,107361.4,78.33,28.79,0.26,109.29
2026-05-06 00:06:32,LONG,108054.26,74.65,21.71,0.54,109.83
2026-05-06 00:06:33,SHORT,105459.93,20.56,22.97,1.71,111.54
2026-05-06 00:06:33,LONG,109449.98,74.89,24.11,0.51,112.05
2026-05-06 00:06:33,SHORT,109305.85,59.09,23.49,-1.13,110.92
2026-05-06 00:06:33,LONG,107976.91,40.0,21.54,-0.86,110.05
2026-05-06 00:06:34,SHORT,108506.02,23.36,22.58,-0.08,109.97
2026-05-06 00:06:34,LONG,112637.66,74.98,29.17,1.81,111.78
2026-05-06 00:06:34,LONG,117608.52,80.08,20.02,0.29,112.07
2026-05-06 00:06:35,LONG,119878.23,18.41,44.66,-0.95,111.12
2026-05-06 00:06:35,LONG,120329.19,75.68,21.9,1.85,112.98
2026-05-06 00:06:36,LONG,118000.0,29.47,32.01,-1.07,111.91
2026-05-06 00:06:36,LONG,119157.64,85.28,23.02,1.15,113.06
2026-05-06 00:06:36,LONG,119766.64,74.31,20.2,0.96,114.02
2026-05-06 00:06:38,LONG,115146.03,82.61,35.02,0.55,114.57
2026-05-06 00:06:39,LONG,120193.7,16.48,69.79,-1.04,113.53
2026-05-06 00:06:39,LONG,120169.75,80.25,17.54,0.77,114.31
2026-05-06 00:06:39,LONG,121583.0,10.91,41.21,-0.92,113.39
2026-05-06 00:06:40,SHORT,117810.7,23.09,14.46,-0.1,113.28
2026-05-06 00:06:40,SHORT,116516.11,79.29,17.41,-0.98,112.3
2026-05-06 00:06:40,LONG,114948.39,15.77,55.0,-0.89,111.41
2026-05-06 00:06:41,SHORT,111164.11,22.88,17.94,1.09,112.5
2026-05-06 00:06:41,SHORT,108198.67,23.58,36.35,2.39,114.9
2026-05-06 00:06:42,SHORT,108246.35,22.96,31.84,0.5,115.4
2026-05-06 00:06:42,SHORT,109432.99,85.78,28.43,-1.06,114.33
2026-05-06 00:06:42,LONG,110968.0,78.11,31.28,1.63,115.96
2026-05-06 00:06:42,LONG,110780.0,19.4,22.37,-0.91,115.05
2026-05-06 00:06:42,SHORT,109456.02,22.91,50.35,1.62,116.67
2026-05-06 00:06:43,SHORT,110752.83,20.01,18.47,0.49,117.16
2026-05-06 00:06:43,SHORT,110314.99,19.76,37.04,0.67,117.83
2026-05-06 00:06:43,SHORT,111235.81,79.23,31.48,-0.9,116.93
2026-05-06 00:06:43,LONG,111570.68,25.45,46.06,-1.06,115.87
2026-05-06 00:06:43,SHORT,112553.65,80.16,46.88,-1.06,114.81
2026-05-06 00:06:44,LONG,115905.88,78.01,46.71,0.25,115.06
2026-05-06 00:06:44,LONG,116531.93,77.04,30.26,1.29,116.35
2026-05-06 00:06:45,SHORT,115711.51,22.96,30.64,0.21,116.56
2026-05-06 00:06:46,LONG,112983.67,16.91,68.29,-0.98,115.58
2026-05-06 00:06:46,SHORT,114387.29,86.25,46.44,-0.87,114.71
2026-05-06 00:06:46,LONG,120349.6,78.51,19.68,0.68,115.39
2026-05-06 00:06:47,LONG,122234.24,75.36,29.38,0.25,115.64
2026-05-06 00:06:47,LONG,122988.76,7.81,52.17,-0.96,114.68
2026-05-06 00:06:47,LONG,123465.28,78.25,31.03,0.41,115.1
2026-05-06 00:06:48,SHORT,112338.1,59.15,22.4,-0.86,114.23
2026-05-06 00:06:48,LONG,113643.33,15.21,33.34,-0.9,113.33
2026-05-06 00:06:48,LONG,114093.98,6.02,44.15,-0.85,112.47
2026-05-06 00:06:48,SHORT,111905.73,12.26,22.43,0.99,113.46
2026-05-06 00:06:49,LONG,111022.59,84.16,23.63,0.3,113.76
2026-05-06 00:06:49,LONG,109059.22,21.86,71.04,-1.14,112.62
2026-05-06 00:06:49,SHORT,112170.52,80.57,53.11,-3.14,109.48
2026-05-06 00:06:50,SHORT,109881.05,74.81,67.24,-1.59,107.89
2026-05-06 00:06:50,LONG,111679.83,84.89,32.78,0.44,108.33
2026-05-06 00:06:50,LONG,115750.25,75.58,32.02,0.82,109.15
2026-05-06 00:06:51,SHORT,111509.74,23.92,27.78,1.41,110.56
2026-05-06 00:06:51,SHORT,109769.7,79.87,58.37,-1.13,109.43
2026-05-06 00:06:52,SHORT,102338.0,73.33,17.61,-1.28,108.15
2026-05-06 00:06:52,SHORT,104799.99,77.5,28.83,-1.31,106.84
2026-05-06 00:06:53,SHORT,97289.78,22.31,33.75,3.14,109.98
2026-05-06 00:06:53,SHORT,95225.37,23.02,30.4,1.04,111.02
2026-05-06 00:06:53,SHORT,92801.62,63.68,21.67,-1.75,109.26
2026-05-06 00:06:53,LONG,91892.53,38.97,36.4,-0.88,108.38
2026-05-06 00:06:54,SHORT,91327.03,81.98,41.49,-0.87,107.51
2026-05-06 00:06:54,LONG,87344.01,74.28,39.4,2.29,109.8
2026-05-06 00:06:54,LONG,87009.82,24.92,32.26,-1.28,108.53
2026-05-06 00:06:55,LONG,91467.13,74.36,54.09,0.57,109.1
2026-05-06 00:06:55,LONG,91523.36,76.62,33.05,0.77,109.87
2026-05-06 00:06:56,SHORT,87920.99,22.01,24.82,2.46,112.33
2026-05-06 00:06:56,LONG,90239.16,16.54,34.39,-1.51,110.82
2026-05-06 00:06:56,LONG,91980.69,32.05,14.83,-0.84,109.98
2026-05-06 00:06:57,SHORT,89802.55,22.68,25.68,0.79,110.77
2026-05-06 00:06:57,LONG,88050.01,19.1,42.19,-1.74,109.04
2026-05-06 00:06:57,SHORT,87261.45,79.69,38.38,-0.95,108.09
2026-05-06 00:06:58,SHORT,87372.43,73.49,24.17,-0.84,107.24
2026-05-06 00:06:58,SHORT,87146.04,75.93,29.84,-0.97,106.27
2026-05-06 00:06:58,LONG,88307.64,74.78,32.12,0.11,106.39
2026-05-06 00:06:59,SHORT,88295.69,76.51,43.85,-0.8,105.59
2026-05-06 00:07:00,SHORT,88584.26,74.97,35.24,-0.85,104.74
2026-05-06 00:07:00,LONG,90604.26,77.96,28.14,2.01,106.74
2026-05-06 00:07:01,SHORT,90619.51,20.36,27.23,0.18,106.92
2026-05-06 00:07:01,LONG,90938.13,75.31,21.17,0.45,107.37
2026-05-06 00:07:01,LONG,91783.23,76.27,16.21,1.29,108.66
2026-05-06 00:07:01,LONG,90560.01,16.18,35.36,-1.2,107.46
2026-05-06 00:07:01,LONG,96493.15,79.95,26.15,1.85,109.3
2026-05-06 00:07:02,LONG,95825.51,33.93,16.72,-0.87,108.43
2026-05-06 00:07:02,SHORT,94950.04,21.84,31.85,0.87,109.3
2026-05-06 00:07:02,SHORT,92442.23,23.0,21.57,0.63,109.92
2026-05-06 00:07:03,SHORT,89088.59,23.6,24.16,1.03,110.95
2026-05-06 00:07:03,LONG,88710.28,28.88,46.66,-1.03,109.92
2026-05-06 00:07:03,SHORT,88721.46,74.41,21.62,-1.3,108.62
2026-05-06 00:07:04,SHORT,76984.0,21.62,31.53,2.74,111.36
2026-05-06 00:07:04,LONG,77201.22,31.22,37.07,-1.15,110.21
2026-05-06 00:07:05,SHORT,67037.01,77.39,50.14,-1.04,109.17
2026-05-06 00:07:05,SHORT,67576.63,16.43,45.65,2.56,111.73
2026-05-06 00:07:05,SHORT,65740.35,21.62,33.53,3.71,115.44
2026-05-06 00:07:06,LONG,69567.06,80.96,24.97,1.3,116.75
2026-05-06 00:07:06,LONG,70405.12,74.87,40.58,1.68,118.42
2026-05-06 00:07:06,SHORT,65965.59,21.35,53.96,1.48,119.9
2026-05-06 00:07:07,LONG,68231.0,78.95,17.69,0.23,120.13
2026-05-06 00:07:07,SHORT,65481.74,14.6,26.72,3.79,123.92
2026-05-06 00:07:07,SHORT,66275.84,74.09,54.7,-0.98,122.94
2026-05-06 00:07:07,SHORT,64412.0,81.94,35.66,-0.93,122.01
2026-05-06 00:07:07,LONG,66979.88,25.92,35.08,-1.52,120.49
2026-05-06 00:07:08,SHORT,65492.96,20.58,41.25,0.72,121.21
2026-05-06 00:07:08,SHORT,65665.04,76.95,42.62,-1.04,120.17
2026-05-06 00:07:08,LONG,66022.34,31.13,36.33,-0.97,119.2
2026-05-06 00:07:08,LONG,72150.71,44.54,7.65,-0.91,118.29
2026-05-06 00:07:09,LONG,71278.46,25.85,37.69,-0.9,117.39
2026-05-06 00:07:09,SHORT,70393.09,20.2,32.66,1.85,119.24
2026-05-06 00:07:09,LONG,69173.0,35.65,16.8,-1.27,117.97
2026-05-06 00:07:10,SHORT,71463.9,64.9,47.36,-0.89,117.08
2026-05-06 00:07:10,LONG,74298.61,77.26,40.97,2.24,119.32
2026-05-06 00:07:10,LONG,74745.5,81.72,43.93,1.12,120.43
2026-05-06 00:07:11,SHORT,70926.01,72.16,30.18,-0.97,119.47
2026-05-06 00:07:11,LONG,69858.64,14.17,29.56,-1.25,118.21
2026-05-06 00:07:12,SHORT,66940.95,78.11,22.31,-0.95,117.26
2026-05-06 00:07:13,SHORT,67446.36,71.61,39.4,-0.88,116.38
2026-05-06 00:07:13,LONG,67026.81,75.19,47.26,-0.18,116.2
2026-05-06 00:07:14,LONG,71735.99,11.94,59.91,-2.08,114.12
2026-05-06 00:07:14,SHORT,71989.14,81.03,31.35,-1.07,113.05
2026-05-06 00:07:14,LONG,73788.03,35.04,29.83,-1.11,111.94
2026-05-06 00:07:15,LONG,76291.59,20.66,43.53,-1.08,110.86
2026-05-06 00:07:15,SHORT,75264.0,23.95,39.05,0.5,111.36
2026-05-06 00:07:15,LONG,76194.84,81.21,31.32,0.79,112.15
2026-05-06 00:07:16,SHORT,77245.77,22.75,42.17,0.68,112.82
2026-05-06 00:07:16,SHORT,78138.86,74.76,19.26,-0.9,111.92
2026-05-06 00:07:16,LONG,77804.13,12.79,35.41,-0.86,111.06
2026-05-06 00:07:16,SHORT,76229.0,13.63,27.65,1.55,112.61
2026-05-06 00:07:17,LONG,78806.68,86.94,21.24,1.03,113.64
2026-05-06 00:07:17,LONG,78514.83,75.83,38.15,0.34,113.98
2026-05-06 00:07:17,LONG,81307.68,87.49,26.69,1.02,115.0
2026-05-06 00:13:22,SHORT,61493.01,74.54,36.19,-0.56,99.44
2026-05-06 00:13:23,LONG,66252.53,24.07,21.9,-0.91,98.53
2026-05-06 00:13:23,SHORT,67132.43,85.29,30.13,-0.64,97.89
2026-05-06 00:13:23,LONG,69812.01,26.96,30.82,-0.56,97.33
2026-05-06 00:13:23,LONG,69072.01,74.43,24.9,0.74,98.08
2026-05-06 00:13:24,LONG,69348.5,78.01,38.23,0.67,98.74
2026-05-06 00:13:24,SHORT,68150.01,23.25,40.7,0.82,99.56
2026-05-06 00:13:24,LONG,67926.92,29.63,35.77,-0.55,99.01
2026-05-06 00:13:25,LONG,71366.17,74.87,51.03,0.69,99.7
2026-05-06 00:13:26,LONG,70004.84,74.19,17.57,0.72,100.42
2026-05-06 00:13:26,LONG,68103.49,21.28,35.5,-1.06,99.37
2026-05-06 00:13:27,SHORT,66716.31,73.6,36.57,-0.56,98.81
2026-05-06 00:13:28,LONG,63927.49,21.2,43.91,-0.58,98.23
2026-05-06 00:13:29,LONG,63339.77,74.13,41.87,0.7,98.93
2026-05-06 00:13:29,LONG,62476.17,11.13,41.21,-0.64,98.29
2026-05-06 00:13:30,SHORT,55506.41,68.43,31.25,-0.51,97.79
2026-05-06 00:13:30,SHORT,56235.98,13.91,27.28,1.71,99.5
2026-05-06 00:13:30,SHORT,56258.02,69.06,23.35,-0.84,98.66
2026-05-06 00:13:31,LONG,60750.0,80.04,36.79,1.6,100.26
2026-05-06 00:13:31,LONG,63430.01,15.93,26.74,-0.81,99.45
2026-05-06 00:13:31,LONG,64719.07,36.91,56.44,-0.52,98.93
2026-05-06 00:13:32,SHORT,64353.99,67.43,30.15,-0.52,98.41
2026-05-06 00:13:32,LONG,67078.53,74.59,28.54,1.01,99.42
2026-05-06 00:13:32,LONG,67259.87,20.1,40.73,-0.54,98.89
2026-05-06 00:13:33,SHORT,66676.37,62.21,41.84,-0.66,98.23
2026-05-06 00:13:33,LONG,68160.01,75.84,48.87,0.73,98.96
2026-05-06 00:13:33,SHORT,68270.65,74.76,37.73,-0.51,98.45
2026-05-06 00:13:34,SHORT,60879.0,16.58,39.6,1.98,100.42
2026-05-06 00:13:35,LONG,56215.89,24.01,15.73,-0.88,99.54
2026-05-06 00:13:35,LONG,59930.01,28.54,38.61,-0.72,98.82
2026-05-06 00:13:35,LONG,60200.01,40.11,46.83,-0.6,98.22
2026-05-06 00:13:36,LONG,60015.99,34.13,30.64,-0.66,97.56
2026-05-06 00:13:37,LONG,60186.48,19.64,43.62,-1.01,96.55
2026-05-06 00:13:37,LONG,63124.69,92.1,37.78,3.79,100.34
2026-05-06 00:13:38,SHORT,58758.6,23.66,53.07,2.4,102.74
2026-05-06 00:13:38,SHORT,59648.96,64.65,48.29,-0.53,102.2
2026-05-06 00:13:38,LONG,59628.0,27.18,33.32,-0.63,101.57
2026-05-06 00:13:39,SHORT,55568.0,21.82,53.63,1.78,103.35
2026-05-06 00:13:39,SHORT,54616.0,62.21,32.32,-0.62,102.73
2026-05-06 00:13:40,LONG,57932.0,76.33,40.26,2.4,105.13
2026-05-06 00:13:40,LONG,56724.01,28.2,34.83,-0.71,104.42
2026-05-06 00:13:40,LONG,58387.99,75.27,17.81,1.06,105.49
2026-05-06 00:13:40,LONG,59034.37,76.13,19.42,2.21,107.7
2026-05-06 00:13:40,LONG,60018.28,76.35,31.73,0.47,108.17
2026-05-06 00:13:40,LONG,59427.99,35.83,16.6,-0.93,107.23
2026-05-06 00:13:41,LONG,59545.46,15.59,35.62,-0.67,106.56
2026-05-06 00:13:41,LONG,62580.0,25.32,24.63,-0.82,105.74
2026-05-06 00:13:42,LONG,63609.89,28.89,72.97,-0.55,105.19
2026-05-06 00:13:42,LONG,65817.98,76.15,26.13,0.09,105.28
2026-05-06 00:13:43,LONG,62291.21,77.25,60.49,0.49,105.77
2026-05-06 00:13:43,LONG,63677.98,81.43,26.04,2.33,108.11
2026-05-06 00:13:44,LONG,64200.06,79.87,51.28,1.94,110.05
2026-05-06 00:13:44,SHORT,59170.0,21.45,46.33,3.55,113.6
2026-05-06 00:13:45,LONG,67658.0,81.62,25.22,3.92,117.52
2026-05-06 00:13:45,LONG,68235.28,75.47,27.12,-0.29,117.23
2026-05-06 00:13:45,LONG,68759.99,74.44,23.61,0.84,118.07
2026-05-06 00:13:46,SHORT,66828.01,22.72,44.2,1.65,119.72
2026-05-06 00:13:46,LONG,67332.0,80.09,36.91,0.86,120.57
2026-05-06 00:13:47,SHORT,70354.87,76.19,50.16,-0.62,119.95
2026-05-06 00:13:48,LONG,76059.69,74.18,21.66,2.28,122.23
2026-05-06 00:13:48,LONG,76742.26,75.55,24.36,1.73,123.96
2026-05-06 00:13:48,LONG,76618.86,78.29,34.27,0.55,124.51
2026-05-06 00:13:50,LONG,98280.01,86.63,27.92,2.75,127.26
2026-05-06 00:13:50,LONG,97517.83,17.86,31.99,-1.1,126.16
2026-05-06 00:13:51,LONG,96976.03,79.06,33.05,1.54,127.7
2026-05-06 00:13:51,LONG,97019.68,75.44,39.66,0.42,128.12
2026-05-06 00:13:51,SHORT,96718.02,75.7,23.89,-1.1,127.02
2026-05-06 00:13:52,LONG,95507.98,7.88,58.9,-0.67,126.36
2026-05-06 00:13:52,LONG,100654.31,24.41,32.1,-0.89,125.47
2026-05-06 00:13:53,SHORT,94596.88,16.85,23.54,3.91,129.38
2026-05-06 00:13:54,LONG,105527.35,27.17,27.37,-1.28,128.1
2026-05-06 00:13:54,SHORT,100373.21,19.54,27.2,5.68,133.78
2026-05-06 00:13:55,LONG,98910.97,74.67,14.59,1.41,135.19
2026-05-06 00:13:56,LONG,96893.04,76.5,24.57,0.62,135.81
2026-05-06 00:13:56,LONG,98123.44,74.77,10.84,0.38,136.19
2026-05-06 00:13:58,LONG,98260.61,35.91,30.35,-0.8,135.39
2026-05-06 00:13:58,LONG,102587.98,36.89,61.66,-0.92,134.47
2026-05-06 00:13:58,LONG,104957.99,34.34,28.54,-1.92,132.55
2026-05-06 00:13:58,SHORT,103978.0,82.04,31.17,-1.02,131.53
2026-05-06 00:13:59,LONG,105097.35,74.61,44.11,0.44,131.97
2026-05-06 00:13:59,LONG,104330.22,31.01,31.45,-0.66,131.31
2026-05-06 00:13:59,SHORT,101628.22,74.06,21.06,-1.32,129.99
2026-05-06 00:14:00,SHORT,95880.57,70.65,37.98,-0.75,129.25
2026-05-06 00:14:00,LONG,99128.0,8.85,31.78,-1.47,127.77
2026-05-06 00:14:01,LONG,96087.99,20.14,42.66,-0.67,127.1
2026-05-06 00:14:02,LONG,96666.38,14.36,47.83,-0.65,126.45
2026-05-06 00:14:02,SHORT,97290.95,62.01,22.63,-1.15,125.3
2026-05-06 00:14:04,SHORT,87013.46,68.99,40.2,-1.32,123.98
2026-05-06 00:14:04,LONG,93642.06,82.48,33.97,2.7,126.68
2026-05-06 00:14:06,SHORT,81819.18,72.45,40.12,-0.66,126.02
2026-05-06 00:14:06,LONG,84460.79,76.43,21.89,0.75,126.77
2026-05-06 00:14:06,LONG,84410.0,74.15,34.69,0.37,127.14
2026-05-06 00:14:07,LONG,86344.29,76.49,54.8,1.57,128.71
2026-05-06 00:14:07,SHORT,83794.17,15.77,27.31,1.49,130.2
2026-05-06 00:14:07,SHORT,84912.35,89.5,73.78,-0.92,129.28
2026-05-06 00:14:08,SHORT,82927.81,17.6,41.14,2.13,131.41
2026-05-06 00:14:08,SHORT,81906.88,23.39,22.44,1.8,133.2
2026-05-06 00:14:09,SHORT,83213.09,87.22,42.11,-0.8,132.41
2026-05-06 00:14:09,LONG,82824.32,15.72,29.27,-1.09,131.32
2026-05-06 00:14:09,SHORT,83650.0,85.48,42.99,-0.68,130.64
2026-05-06 00:14:09,SHORT,77707.17,78.04,38.54,-0.71,129.92
2026-05-06 00:14:10,LONG,83623.3,78.21,27.29,0.39,130.31
2026-05-06 00:14:10,LONG,83757.97,27.01,24.8,-1.33,128.98
2026-05-06 00:14:11,LONG,88401.03,75.23,13.67,2.35,131.34
2026-05-06 00:14:13,LONG,96300.0,74.75,28.55,-0.07,131.27
2026-05-06 00:14:13,SHORT,94430.46,20.89,44.7,1.68,132.95
2026-05-06 00:14:13,LONG,97262.88,74.81,30.94,1.32,134.27
2026-05-06 00:14:14,LONG,104807.37,84.52,41.59,2.17,136.44
2026-05-06 00:14:16,LONG,111173.92,76.9,31.8,0.44,136.88
2026-05-06 00:14:16,SHORT,108426.94,58.6,32.0,-0.71,136.17
2026-05-06 00:14:17,LONG,103819.39,26.88,50.68,-0.73,135.43
2026-05-06 00:14:17,LONG,105811.13,81.93,35.95,1.01,136.45
2026-05-06 00:14:18,SHORT,102883.72,81.16,32.78,-0.77,135.67
2026-05-06 00:14:18,LONG,105876.61,79.99,28.41,0.42,136.09
2026-05-06 00:14:18,LONG,105906.98,75.72,21.39,0.18,136.26
2026-05-06 00:14:20,SHORT,105468.29,77.99,31.06,-0.97,135.3
2026-05-06 00:14:20,LONG,104881.28,12.44,25.34,-1.01,134.28
2026-05-06 00:14:20,SHORT,103572.29,23.0,35.84,0.45,134.73
2026-05-06 00:14:20,SHORT,101424.21,68.0,41.46,-0.68,134.05
2026-05-06 00:14:21,LONG,107361.4,78.33,28.79,0.32,134.37
2026-05-06 00:14:21,LONG,108054.26,74.65,21.71,0.66,135.03
2026-05-06 00:14:21,SHORT,105459.93,20.56,22.97,2.1,137.13
2026-05-06 00:14:21,LONG,109449.98,74.89,24.11,0.62,137.76
2026-05-06 00:14:22,SHORT,108772.17,90.29,33.24,-0.71,137.05
2026-05-06 00:14:22,LONG,108262.99,17.19,34.71,-0.7,136.34
2026-05-06 00:14:22,SHORT,109033.0,67.92,46.8,-0.76,135.58
2026-05-06 00:14:22,LONG,112637.66,74.98,29.17,2.23,137.81
2026-05-06 00:14:23,LONG,117608.52,80.08,20.02,0.36,138.17
2026-05-06 00:14:24,LONG,120329.19,75.68,21.9,2.31,140.47
2026-05-06 00:14:24,LONG,118420.01,30.15,55.63,-0.83,139.64
2026-05-06 00:14:25,LONG,119157.64,85.28,23.02,1.43,141.07
2026-05-06 00:14:25,LONG,119766.64,74.31,20.2,1.2,142.28
2026-05-06 00:14:26,LONG,115146.03,82.61,35.02,0.69,142.96
2026-05-06 00:14:27,LONG,120507.11,21.52,60.34,-0.93,142.04
2026-05-06 00:14:27,LONG,120169.75,80.25,17.54,0.97,143.0
2026-05-06 00:14:27,LONG,121738.39,14.43,37.84,-0.97,142.03
2026-05-06 00:14:28,SHORT,118366.06,60.39,40.93,-0.8,141.23
2026-05-06 00:14:28,SHORT,116516.11,79.29,17.41,-1.22,140.01
2026-05-06 00:14:29,LONG,115213.6,30.88,44.97,-0.79,139.22
2026-05-06 00:14:29,SHORT,111164.11,22.88,17.94,1.36,140.58
2026-05-06 00:14:30,SHORT,109432.99,85.78,28.43,-1.29,139.29
2026-05-06 00:14:30,LONG,108795.99,10.9,33.4,-0.78,138.51
2026-05-06 00:14:30,LONG,110780.0,19.4,22.37,-1.09,137.42
2026-05-06 00:14:31,SHORT,110752.83,20.01,18.47,0.57,138.0
2026-05-06 00:14:31,SHORT,110314.99,19.76,37.04,0.79,138.79
2026-05-06 00:14:31,SHORT,111235.81,79.23,31.48,-1.06,137.73
2026-05-06 00:14:31,SHORT,112232.17,75.86,47.2,-0.7,137.03
2026-05-06 00:14:32,LONG,115905.88,78.01,46.71,0.3,137.33
2026-05-06 00:14:33,SHORT,115711.51,22.96,30.64,0.25,137.59
2026-05-06 00:14:34,LONG,113221.79,20.57,69.52,-0.87,136.72
2026-05-06 00:14:35,LONG,120349.6,78.51,19.68,0.81,137.53
2026-05-06 00:14:35,LONG,122234.24,75.36,29.38,0.29,137.82
2026-05-06 00:14:36,LONG,113643.33,15.21,33.34,-1.09,136.73
2026-05-06 00:14:36,SHORT,111905.73,12.26,22.43,1.2,137.94
2026-05-06 00:14:37,LONG,111022.59,84.16,23.63,0.36,138.3
2026-05-06 00:14:37,LONG,109479.99,24.76,53.44,-0.86,137.43
2026-05-06 00:14:37,SHORT,109744.9,69.88,49.63,-0.78,136.65
2026-05-06 00:14:37,SHORT,108892.71,67.41,70.49,-0.73,135.92
2026-05-06 00:14:38,LONG,111679.83,84.89,32.78,0.56,136.48
2026-05-06 00:14:38,LONG,115750.25,75.58,32.02,1.03,137.51
2026-05-06 00:14:38,SHORT,113577.9,76.86,71.33,-0.74,136.77
2026-05-06 00:14:40,SHORT,102338.0,73.33,17.61,-1.6,135.17
2026-05-06 00:14:40,SHORT,104799.99,77.5,28.83,-1.64,133.53
2026-05-06 00:14:41,SHORT,95225.37,23.02,30.4,1.26,134.8
2026-05-06 00:14:41,LONG,91892.53,38.97,36.4,-1.08,133.71
2026-05-06 00:14:42,LONG,87009.82,24.92,32.26,-1.55,132.16
2026-05-06 00:14:43,LONG,91467.13,74.36,54.09,0.7,132.86
2026-05-06 00:14:43,LONG,91523.36,76.62,33.05,0.93,133.79
2026-05-06 00:14:44,LONG,90852.56,20.62,32.82,-0.9,132.89
2026-05-06 00:14:45,SHORT,89802.55,22.68,25.68,0.96,133.85
2026-05-06 00:14:46,SHORT,87107.9,79.22,34.63,-0.93,132.92
2026-05-06 00:14:46,SHORT,87372.43,73.49,24.17,-1.03,131.88
2026-05-06 00:14:46,SHORT,87146.04,75.93,29.84,-1.2,130.69
2026-05-06 00:14:47,SHORT,88183.38,73.52,43.04,-0.81,129.87
2026-05-06 00:14:48,LONG,90604.26,77.96,28.14,1.21,131.08
2026-05-06 00:14:49,SHORT,90619.51,20.36,27.23,0.22,131.3
2026-05-06 00:14:49,LONG,90938.13,75.31,21.17,0.55,131.85
2026-05-06 00:14:49,LONG,91783.23,76.27,16.21,1.59,133.44
2026-05-06 00:14:49,LONG,90560.01,16.18,35.36,-1.48,131.96
2026-05-06 00:14:50,LONG,96493.15,79.95,26.15,2.27,134.23
2026-05-06 00:14:50,SHORT,94950.04,21.84,31.85,0.85,135.08
2026-05-06 00:14:50,SHORT,92442.23,23.0,21.57,0.77,135.85
2026-05-06 00:14:51,LONG,88960.35,35.7,31.99,-0.88,134.97
2026-05-06 00:14:51,SHORT,88721.46,74.41,21.62,-1.59,133.38
2026-05-06 00:14:53,SHORT,67037.01,77.39,50.14,-1.26,132.11
2026-05-06 00:14:53,SHORT,67576.63,16.43,45.65,3.1,135.21
2026-05-06 00:14:54,SHORT,68376.58,70.61,58.45,-0.75,134.47
2026-05-06 00:14:54,LONG,69567.06,80.96,24.97,1.52,135.98
2026-05-06 00:14:54,LONG,70405.12,74.87,40.58,1.96,137.94
2026-05-06 00:14:55,SHORT,67176.84,67.17,30.56,-0.78,137.16
2026-05-06 00:14:55,LONG,68231.0,78.95,17.69,0.27,137.42
2026-05-06 00:14:55,SHORT,65481.74,14.6,26.72,4.33,141.76
2026-05-06 00:14:56,LONG,67374.3,30.94,31.83,-0.94,140.81
2026-05-06 00:14:56,SHORT,65492.96,20.58,41.25,0.84,141.65
2026-05-06 00:14:56,SHORT,65442.62,61.63,39.68,-0.73,140.92
2026-05-06 00:14:57,LONG,72150.71,44.54,7.65,-1.08,139.85
2026-05-06 00:14:57,LONG,71278.46,25.85,37.69,-1.06,138.78
2026-05-06 00:14:57,SHORT,70393.09,20.2,32.66,2.18,140.96
2026-05-06 00:14:57,LONG,69482.0,24.44,32.36,-0.88,140.09
2026-05-06 00:14:58,SHORT,71305.29,72.47,45.33,-0.74,139.35
2026-05-06 00:14:59,SHORT,70926.01,72.16,30.18,-1.12,138.23
2026-05-06 00:14:59,LONG,69858.64,14.17,29.56,-1.45,136.78
2026-05-06 00:15:00,SHORT,66940.95,78.11,22.31,-1.1,135.68
2026-05-06 00:15:01,SHORT,67383.16,66.81,35.47,-0.89,134.79
2026-05-06 00:15:01,LONG,66660.33,20.93,48.34,-0.94,133.84
2026-05-06 00:15:02,SHORT,71662.65,79.24,26.4,-1.11,132.74
2026-05-06 00:15:03,LONG,73788.03,35.04,29.83,-1.31,131.43
2026-05-06 00:15:03,LONG,76537.49,24.34,31.52,-0.85,130.58
2026-05-06 00:15:03,LONG,76194.84,81.21,31.32,0.93,131.51
2026-05-06 00:15:04,SHORT,77245.77,22.75,42.17,0.79,132.3
2026-05-06 00:15:04,LONG,77835.63,12.34,31.83,-0.96,131.34
2026-05-06 00:15:04,SHORT,76229.0,13.63,27.65,1.83,133.16
2026-05-06 00:15:05,LONG,78806.68,86.94,21.24,1.22,134.39
2026-05-06 00:15:05,LONG,81307.68,87.49,26.69,1.2,135.59
